years_of_experience,functional_competency_score,top1_skills_score,top2_skills_score,top3_skills_score,behavior_competency_score,top1_behavior_skill_score,top2_behavior_skill_score,top3_behavior_skill_score,call_for_interview
0.3333333333333333,0.7494977777777777,0.7777777777777778,0.7,0.8,0.7692307692307692,0.9316893589492193,0.6620421671026925,0.7524629947278958,1
0.13333333333333333,0.49063777777777773,0.7777777777777778,0.3,0.4,0.15384615384615385,0.35209274258800827,0.13223060512485665,0.31690547767075233,0
0.0,0.46025555555555564,0.4444444444444444,0.3,0.3,0.051282051282051266,0.052347023055598935,0.08976500351395272,0.2548591532018843,0
0.0,0.5073466666666666,0.5555555555555556,0.4,0.5,0.3846153846153846,0.3099132209261845,0.28975763597376253,0.4407843220089391,0
0.4,0.6620199999999999,0.6666666666666666,0.7,0.5,0.46153846153846145,0.4979287376972561,0.3975442195680384,0.3927595251377358,1
0.8,0.5851577777777778,1.0,0.8,0.8,0.8717948717948718,0.7592000031095578,0.8211514248169322,0.7219940761640676,1
0.3333333333333333,0.6919466666666666,0.8888888888888888,0.6,0.5,0.46153846153846145,0.4955875532008962,0.5847196152401011,0.4405086023766746,1
0.0,0.4778866666666667,0.3333333333333333,0.5,0.5,0.5128205128205128,0.36508722331734744,0.48169206957681526,0.3307799312509018,0
0.26666666666666666,0.6627355555555555,0.8888888888888888,0.7,0.6,0.5384615384615384,0.48205955074693463,0.6011240413008371,0.6478866708970547,1
0.06666666666666667,0.4928755555555557,0.8888888888888888,0.3,0.4,0.20512820512820507,0.39000316284137004,0.34540713638218545,0.3339499533257469,0
0.06666666666666667,0.5465355555555556,0.2222222222222222,0.1,0.2,0.1282051282051282,0.2743975699309086,0.3415338072876173,0.12127823250170398,0
0.0,0.5014777777777778,0.3333333333333333,0.4,0.6,0.23076923076923073,0.4092709221450642,0.38121311921485646,0.2518247781065803,0
0.0,0.5912088888888889,0.6666666666666666,0.5,0.6,0.23076923076923073,0.38234448475366284,0.20409720464856435,0.19566805574323173,0
0.2,0.4578377777777777,0.6666666666666666,0.5,0.5,0.2564102564102564,0.2804287222975328,0.2781462228078713,0.182321341976671,1
0.2,0.3451977777777777,0.6666666666666666,0.4,0.4,0.3076923076923077,0.3313459842425246,0.14264162418011034,0.09805071408043795,0
0.0,0.5770466666666666,0.3333333333333333,0.5,0.4,0.33333333333333326,0.3904959128055563,0.45815715381273076,0.3468389003949637,1
0.0,0.47930888888888895,0.6666666666666666,0.3,0.4,0.28205128205128205,0.23810701721082303,0.3043219527648274,0.2737381485591716,0
0.4666666666666667,0.9071,1.0,0.7,0.8,0.9743589743589742,0.9405359916029549,0.871867777385875,1.0,1
0.8,0.7265755555555555,1.0,0.8,0.7,0.9487179487179487,0.8005883888650956,0.7501636230418758,0.8794842445928561,1
0.8666666666666667,0.6956355555555557,1.0,1.0,0.9,0.7692307692307692,0.7677042284788893,0.6326500013944611,0.6722151213618119,1
0.4,0.2222222222222222,0.8888888888888888,0.5,0.5,0.5384615384615384,0.28266165276906946,0.16663634308727687,0.26413472147535383,1
0.2,0.41524000000000005,0.6666666666666666,0.3,0.5,0.23076923076923073,0.32346476372773647,0.16889787896778474,0.2969335070243106,0
0.0,0.4727644444444443,0.4444444444444444,0.4,0.5,0.20512820512820507,0.19937171207448734,0.28417741794301926,0.03883285220398403,0
0.13333333333333333,0.4206577777777778,0.6666666666666666,0.6,0.3,0.17948717948717952,0.3509152898390613,0.2180261417858227,0.08146000985741984,0
0.26666666666666666,0.66708,0.8888888888888888,0.5,0.5,0.5641025641025641,0.5022055767190323,0.5843677540215368,0.4108411128146577,1
0.4666666666666667,0.0,1.0,0.7,0.6,0.5128205128205128,0.3589738763368032,0.1587175718588811,0.20401273297634856,1
0.26666666666666666,0.7295400000000001,0.8888888888888888,0.7,0.5,0.641025641025641,0.5754993093834474,0.5626874127174583,0.7160477393602521,1
0.0,0.46404888888888896,0.4444444444444444,0.5,0.3,0.3846153846153846,0.3363412642395692,0.23917698242821864,0.47012650046605936,0
0.0,0.5799555555555556,0.5555555555555556,0.4,0.3,0.23076923076923073,0.2930955169170575,0.3488837535358966,0.13336223589363455,0
0.26666666666666666,0.7272488888888888,0.8888888888888888,0.7,0.6,0.6153846153846153,0.7297783369211467,0.6889450234735901,0.6195573211617558,1
0.0,0.7230399999999999,0.5555555555555556,0.3,0.3,0.5128205128205128,0.5829313717902763,0.4590381774495794,0.6476583019146729,1
0.0,0.5286644444444444,0.7777777777777778,0.6,0.6,0.17948717948717952,0.2970979408109628,0.2650329913361968,0.10364578406502839,1
0.4666666666666667,0.1111111111111111,1.0,0.7,0.8,0.8205128205128205,0.5941322117818908,0.3824779116975197,0.5416030061179538,1
0.2,0.5326844444444445,0.3333333333333333,0.1,0.2,0.0,0.023633077360089266,0.0,0.15154242266665438,0
0.26666666666666666,0.6611577777777778,0.6666666666666666,0.7,0.5,0.5897435897435896,0.5500491087911904,0.5519861367842599,0.42626839576270376,0
0.6666666666666666,0.8160488888888887,1.0,1.0,0.7,0.8717948717948718,0.8315063521863455,0.7987548971588296,0.793434744092609,1
0.4666666666666667,0.7716600000000001,1.0,1.0,1.0,0.6666666666666665,0.6539485536906342,0.56390947290328,0.6112162637934677,1
0.3333333333333333,0.6566555555555555,0.7777777777777778,0.8,0.8,0.6923076923076923,0.7616526970959802,0.5101661334773316,0.6237195384393833,1
0.13333333333333333,0.5316866666666668,0.3333333333333333,0.2,0.2,0.28205128205128205,0.4150911409559832,0.19137009563301854,0.4208858758257361,0
0.2,1.0,0.7777777777777778,0.4,0.5,0.23076923076923073,0.5182906578873019,0.6330422791757669,0.5697049692815336,1
0.13333333333333333,0.5841288888888889,0.7777777777777778,0.6,0.0,0.23076923076923073,0.4334681108362834,0.4029495402173807,0.38179332944279415,1
0.4666666666666667,0.1111111111111111,1.0,1.0,1.0,0.9230769230769229,0.45438254133057754,0.4333553562083247,0.45129456817675134,1
0.2,0.59606,0.7777777777777778,0.3,0.3,0.17948717948717952,0.34798120765824997,0.22222259814609202,0.2655720693383747,1
0.4,0.6149044444444445,0.8888888888888888,0.7,0.5,0.5128205128205128,0.4518941421466383,0.5155341777663163,0.40307538716982755,1
0.3333333333333333,0.6622666666666667,0.7777777777777778,0.7,0.5,0.5641025641025641,0.6893983815321207,0.4591410598165959,0.3888313155708817,1
0.0,0.4047266666666666,0.6666666666666666,0.6,0.4,0.23076923076923073,0.3027602460242939,0.23928998391023734,0.0,0
0.4,0.6723977777777778,0.8888888888888888,0.5,0.6,0.5641025641025641,0.696183777147151,0.5129997719517205,0.5341959250227196,1
0.0,0.47831999999999986,0.3333333333333333,0.0,0.2,0.3589743589743589,0.2580951080129733,0.41334851992167204,0.43034036250478686,0
0.4666666666666667,0.7078355555555557,1.0,0.8,0.7,0.8974358974358974,0.8281325919692419,0.7569275264878804,0.8864006646392227,1
0.26666666666666666,0.6166244444444444,0.8888888888888888,0.8,0.7,0.4871794871794871,0.5258198567090503,0.5365578688395444,0.48957138559599417,1
0.4,0.5510755555555554,0.7777777777777778,0.7,0.7,0.5897435897435896,0.5923415646993996,0.5808998184483845,0.42397000259030215,1
0.4,0.6018466666666665,0.8888888888888888,0.7,0.7,0.6666666666666665,0.7567705033324028,0.515158874694726,0.48542770770072674,1
0.6,0.7499044444444443,1.0,0.7,0.8,0.9743589743589742,0.9373928350116472,0.8150826194822387,0.8596466412829895,1
0.26666666666666666,0.5201600000000001,0.7777777777777778,0.5,0.5,0.641025641025641,0.4930238468692536,0.5969697200264087,0.6112476690883594,1
0.3333333333333333,0.5515977777777777,0.8888888888888888,0.5,0.5,0.5897435897435896,0.6489851792140575,0.4873915756602398,0.4012783081222341,1
0.4,0.6002666666666667,0.7777777777777778,0.7,0.7,0.5641025641025641,0.6174363224184299,0.5219646269528625,0.44465076998443015,1
0.0,0.4444444444444444,0.2222222222222222,0.1,0.3,0.07692307692307693,0.19167041877012464,0.2795515025720427,0.08290022002891408,0
0.0,0.41770444444444443,0.3333333333333333,0.2,0.2,0.3589743589743589,0.48335282647738614,0.25035150051369043,0.35682157563117717,0
0.0,0.5746644444444444,0.4444444444444444,0.2,0.4,0.33333333333333326,0.29152524914227473,0.4357259368277639,0.2073559247138294,0
0.26666666666666666,1.0,1.0,0.5,0.7,0.7179487179487178,0.8422633800930385,0.7930824954702299,0.7474460261314022,1
0.4666666666666667,0.6818866666666668,1.0,1.0,0.8,0.7179487179487178,0.6426958145230608,0.6868676963572034,0.5838488880700722,1
0.4666666666666667,0.8614755555555555,1.0,0.7,0.8,0.8717948717948718,0.8578077794742831,0.7176317949062283,0.856380676867012,1
0.0,0.39332444444444437,0.5555555555555556,0.5,0.2,0.3076923076923077,0.38631533651811834,0.3760067728871556,0.086535347929875,0
0.0,0.499108888888889,0.6666666666666666,0.4,0.5,0.2564102564102564,0.2326900505257423,0.12051571414263314,0.2203824980595123,1
0.8,0.6495977777777777,1.0,1.0,1.0,0.7435897435897436,0.7605921371214824,0.7613279110262298,0.5863667930882508,1
0.0,0.472088888888889,0.5555555555555556,0.5,0.1,0.23076923076923073,0.442612818594022,0.24086896575296704,0.09002437650366392,0
0.3333333333333333,0.5959,0.6666666666666666,0.7,0.8,0.5384615384615384,0.5796961551525868,0.5741648233619954,0.40413198527830063,1
0.13333333333333333,0.5607266666666667,0.4444444444444444,0.2,0.3,0.3589743589743589,0.4625004341682594,0.35658011035130976,0.4103660834827993,0
0.3333333333333333,0.6146844444444444,1.0,0.6,0.6,0.6666666666666665,0.6261607653027698,0.5049537040535126,0.52780676420005,1
0.0,0.49781555555555557,0.5555555555555556,0.3,0.4,0.3076923076923077,0.30267065895482,0.2983357070062963,0.2331623965801192,0
0.0,0.5752466666666668,0.3333333333333333,0.5,0.2,0.28205128205128205,0.388840194951614,0.3061407060157629,0.354760053443063,0
0.0,0.48924000000000006,0.6666666666666666,0.5,0.4,0.20512820512820507,0.2786062177421023,0.34377297682340596,0.29524681021052956,1
0.06666666666666667,0.38900444444444443,0.5555555555555556,0.5,0.3,0.20512820512820507,0.11161479455748277,0.12204210442196298,0.12530231878697548,1
0.06666666666666667,0.3333333333333333,0.5555555555555556,0.3,0.5,0.17948717948717952,0.2883440085104765,0.18031582219483885,0.19336834239618753,0
0.0,0.5114955555555556,0.3333333333333333,0.1,0.1,0.07692307692307693,0.051052174503989724,0.28194403025532255,0.2813087479525643,0
0.06666666666666667,0.47169999999999995,0.6666666666666666,0.4,0.3,0.41025641025641024,0.25649088926576774,0.3742759585155958,0.33686834413036415,0
0.4,0.5761644444444445,0.6666666666666666,0.6,0.5,0.5384615384615384,0.5749688136725979,0.4225235606037648,0.5041659375066113,1
0.0,0.46432444444444443,0.6666666666666666,0.3,0.4,0.3589743589743589,0.3850909089746678,0.17290266847316604,0.3308042782436441,0
0.4666666666666667,0.7353955555555554,1.0,0.7,0.8,0.9230769230769229,0.978377472477066,0.7680864140288084,0.7643414822483537,1
0.2,0.5977377777777778,0.6666666666666666,0.5,0.4,0.15384615384615385,0.24901674310678842,0.36103432667885327,0.1102501005431693,0
0.0,0.5826577777777778,0.6666666666666666,0.4,0.5,0.28205128205128205,0.4969784056185238,0.24694989499947206,0.2440552704702108,0
0.4666666666666667,0.6666666666666666,1.0,0.7,0.7,0.9230769230769229,0.7296164383203271,0.6518042176813101,0.8842307877662172,1
0.2,0.53354,0.3333333333333333,0.4,0.2,0.3076923076923077,0.45819247701715593,0.18830552588257635,0.3185489445552109,1
0.8666666666666667,0.7168599999999999,1.0,0.8,0.8,0.7179487179487178,0.8493956514126811,0.6781446210844447,0.7052483595049558,1
0.4,0.6977466666666667,0.8888888888888888,0.6,0.7,0.5384615384615384,0.666693907981416,0.550798153739986,0.5809285034929305,1
0.3333333333333333,0.6803666666666666,0.8888888888888888,0.7,0.7,0.6666666666666665,0.5860522255030098,0.5210782883142794,0.667956757154583,1
0.2,0.5627155555555556,0.4444444444444444,0.3,0.3,0.3846153846153846,0.4492872950172042,0.4325747080616383,0.3990509225888985,1
0.13333333333333333,0.4796377777777777,0.6666666666666666,0.3,0.6,0.15384615384615385,0.06844787459960454,0.27271542556005984,0.222222224152302,0
0.4666666666666667,0.7777777777777778,1.0,0.7,1.0,0.9230769230769229,0.9807089033250125,0.8562212631733893,0.954147931694836,1
0.4666666666666667,0.6401266666666667,1.0,0.7,0.7,0.8717948717948718,0.8956320632552118,0.6409186572315618,0.8366414236729387,1
0.0,0.4392288888888889,0.3333333333333333,0.2,0.3,0.28205128205128205,0.4080495264987587,0.13858881996731415,0.11484139002045134,0
0.06666666666666667,0.5370244444444444,0.5555555555555556,0.3,0.0,0.1282051282051282,0.18388781237691676,0.1286527677533288,0.07083013347801369,0
0.3333333333333333,0.7343288888888889,0.8888888888888888,0.5,0.6,0.4358974358974359,0.5537569121003816,0.4140654479448143,0.6343703967172478,1
0.06666666666666667,0.5501666666666666,0.4444444444444444,0.3,0.3,0.23076923076923073,0.43363390226752496,0.1666162598854961,0.24601959480022495,0
0.8666666666666667,0.6059666666666668,1.0,0.7,1.0,0.9487179487179487,0.7908743659346537,0.8093911035182592,0.7661120941104488,1
0.0,0.5024777777777777,0.6666666666666666,0.4,0.2,0.2564102564102564,0.3766871470665072,0.22366182380632563,0.21854114394433685,0
0.4666666666666667,0.6824844444444444,1.0,0.7,0.7,0.8717948717948718,0.9305549430585109,0.6450613073470609,0.7030574409010171,1
0.0,0.39306444444444444,0.6666666666666666,0.3,0.2,0.3589743589743589,0.22893469487113624,0.16976789912407889,0.16058128787278778,0
0.2,0.5307,0.6666666666666666,0.3,0.3,0.17948717948717952,0.3650398376674417,0.16993442762389593,0.12409221659984176,0
0.3333333333333333,0.6263466666666667,0.8888888888888888,0.6,0.7,0.5641025641025641,0.4946006530302461,0.549102162583303,0.6007837950199265,1
0.26666666666666666,0.7000044444444444,0.6666666666666666,0.6,0.5,0.5384615384615384,0.618060144080969,0.6178761745284003,0.5803515485722874,1
0.13333333333333333,0.5631177777777778,0.4444444444444444,0.5,0.3,0.5128205128205128,0.5517611569799517,0.4464311457213111,0.5655253832149978,1
0.2,0.5053088888888888,0.5555555555555556,0.1,0.3,0.051282051282051266,0.23805013580026166,0.05541781248893412,0.048571466908329586,0
0.4666666666666667,0.8331,1.0,0.8,0.7,0.9487179487179487,0.8418946104041292,0.8544515895680689,0.8533856261843782,1
0.2,0.47780666666666666,0.4444444444444444,0.2,0.4,0.28205128205128205,0.3589589149245682,0.14607471011312023,0.41124033632885043,1
0.13333333333333333,0.3333333333333333,0.6666666666666666,0.4,0.3,0.17948717948717952,0.02149391507362338,0.07917752270158021,0.04215140840177933,0
0.8666666666666667,0.7833888888888888,1.0,1.0,1.0,0.7948717948717947,0.7750928117941002,0.657857717502225,0.7821906969921674,1
0.0,0.4645044444444444,0.4444444444444444,0.5,0.3,0.33333333333333326,0.4148331669081323,0.4229848647019275,0.14342655254405415,0
0.0,0.6821088888888889,0.5555555555555556,0.4,0.1,0.2564102564102564,0.26048223084999406,0.3415522530037789,0.2501473398860204,1
0.13333333333333333,0.4747266666666666,0.3333333333333333,0.6,0.3,0.20512820512820507,0.10572475582280032,0.14244893819081633,0.288099575770564,0
0.6666666666666666,0.8664,1.0,0.8,1.0,0.8974358974358974,0.992930547392733,0.8885604326258504,0.8600217185327487,1
0.2,0.4573777777777777,0.7777777777777778,0.3,0.2,0.23076923076923073,0.3445496943111276,0.31668770332138807,0.2486843161702542,1
0.0,0.4637155555555555,0.6666666666666666,0.3,0.4,0.28205128205128205,0.19387561601173264,0.3340880077929448,0.1440634017037692,0
0.4,0.6666666666666666,0.8888888888888888,0.8,0.6,0.6923076923076923,0.7357743665439744,0.5311640722484872,0.7483145620808261,1
0.2,0.5702244444444444,0.6666666666666666,0.2,0.2,0.33333333333333326,0.4351297336335,0.3077518544533444,0.4591842850486812,1
0.0,0.61768,0.7777777777777778,0.5,0.6,0.15384615384615385,0.1277779676690217,0.3363060177378045,0.08094213082197675,0
0.06666666666666667,0.5477599999999999,0.3333333333333333,0.5,0.4,0.3846153846153846,0.2770024696645701,0.32408492789301685,0.245175191604676,0
0.7333333333333333,0.6411577777777776,1.0,1.0,1.0,0.8974358974358974,0.9128273678929902,0.7798282993005835,0.6644603257593855,1
0.3333333333333333,0.6871866666666667,0.2222222222222222,0.7,0.6,0.5897435897435896,0.473932261185341,0.6436223882199068,0.6606709429786872,1
0.06666666666666667,0.5342666666666668,0.7777777777777778,0.6,0.5,0.20512820512820507,0.21395888308572591,0.2382446726360863,0.3881098131072959,1
0.4666666666666667,0.2222222222222222,1.0,1.0,0.9,0.8717948717948718,0.6284224585941446,0.5179602479199383,0.4963957099504433,1
0.0,0.5028644444444444,0.5555555555555556,0.1,0.2,0.1282051282051282,0.3586912058589779,0.14358129869373784,0.13080589815969373,0
0.7333333333333333,0.8888888888888888,1.0,0.7,1.0,0.8974358974358974,0.8572463646881555,0.9264155767652528,0.8494555733912312,1
0.13333333333333333,0.57558,0.7777777777777778,0.3,0.5,0.23076923076923073,0.4274744286784509,0.2114345363559359,0.30351652893105147,1
0.3333333333333333,0.6280866666666668,0.7777777777777778,0.6,0.5,0.5897435897435896,0.7215784063594364,0.6309305710272797,0.6518324026941686,1
0.3333333333333333,0.584,1.0,0.7,0.7,0.6666666666666665,0.6451265252940617,0.4574805665999023,0.6069894805184002,1
0.06666666666666667,0.4754355555555555,0.5555555555555556,0.4,0.2,0.28205128205128205,0.21822797076632217,0.1430949689883038,0.3746074412929192,0
0.4666666666666667,0.7098777777777777,1.0,0.7,0.7,0.6923076923076923,0.6904730282577108,0.6294842713234712,0.5600166196477012,1
0.0,0.48766888888888893,0.4444444444444444,0.5,0.3,0.15384615384615385,0.30255963876510517,0.31618346873689296,0.22617722419303646,0
0.26666666666666666,0.7030377777777778,0.7777777777777778,0.6,0.8,0.7435897435897436,0.683403447196845,0.623613660765087,0.6793915810714359,1
0.7333333333333333,0.6224377777777778,1.0,0.7,0.8,0.846153846153846,0.7931274253792111,0.7504761572994795,0.6899758274671791,1
0.4,0.5854177777777777,0.7777777777777778,0.8,0.8,0.6666666666666665,0.7365379221879758,0.5752226461185187,0.547327787121391,1
0.7333333333333333,0.7323955555555555,1.0,0.7,1.0,0.8205128205128205,0.9238867696867008,0.8419528987858266,0.8492494910413116,1
0.0,0.5137866666666668,0.6666666666666666,0.2,0.8,0.2564102564102564,0.27733020088022786,0.2291081899397278,0.4108548935850552,0
0.26666666666666666,0.7086155555555556,0.8888888888888888,0.7,0.7,0.7435897435897436,0.6863938175483173,0.8017292986183302,0.7545164086504028,1
0.06666666666666667,0.5993955555555556,0.5555555555555556,0.3,0.5,0.3076923076923077,0.2872649198398459,0.22213599638515077,0.45713455757875987,0
0.26666666666666666,0.7821444444444443,0.8888888888888888,0.7,0.7,0.6666666666666665,0.6703635144855074,0.6135514217424402,0.6475088780248935,1
0.06666666666666667,0.650468888888889,0.5555555555555556,0.3,0.6,0.23076923076923073,0.25862656859665245,0.4620569592616464,0.2290202530983627,0
0.13333333333333333,0.5775888888888889,0.5555555555555556,0.2,0.4,0.41025641025641024,0.3966977809848774,0.3941258252018052,0.30388456235426037,0
0.0,0.49942666666666674,0.5555555555555556,0.3,0.2,0.33333333333333326,0.4406423482406583,0.2072833623306289,0.4226303997630295,0
0.06666666666666667,0.4670177777777778,0.5555555555555556,0.5,0.5,0.33333333333333326,0.3058685799237221,0.4534025949642436,0.1856450987747237,0
0.0,0.4726955555555556,0.3333333333333333,0.2,0.5,0.41025641025641024,0.3459777992528227,0.3901381927404712,0.47222294744974014,0
0.13333333333333333,0.5039755555555554,0.4444444444444444,0.4,0.4,0.28205128205128205,0.4610393068461841,0.4107606320122297,0.3162842505776474,0
0.0,0.62966,0.3333333333333333,0.3,0.2,0.3076923076923077,0.4173030844629064,0.3005037476549363,0.4720385823587158,0
0.0,0.48578444444444435,0.4444444444444444,0.4,0.6,0.15384615384615385,0.32588560416346674,0.09802709443426082,0.2858054673755132,0
0.13333333333333333,0.4267044444444444,0.5555555555555556,0.8,0.3,0.20512820512820507,0.19306345882117018,0.1336347380325051,0.18338720253852436,0
0.06666666666666667,0.4789755555555555,0.5555555555555556,0.2,0.3,0.23076923076923073,0.12721666270581802,0.37109851060104065,0.08038971107686498,0
0.8,0.7852688888888889,1.0,1.0,1.0,0.8205128205128205,0.982947245517228,0.8086846011431996,0.907375064737051,1
0.2,0.7777777777777778,0.6666666666666666,0.2,0.5,0.2564102564102564,0.5659214482477601,0.5034351603163516,0.46148538998332445,1
0.06666666666666667,0.48097555555555555,0.5555555555555556,0.5,0.4,0.2564102564102564,0.18272273725981206,0.3070441955324979,0.3240075617519073,0
0.3333333333333333,0.8888888888888888,0.7777777777777778,0.6,0.7,0.641025641025641,0.7244292662975411,0.6984536197119925,0.8282970726233229,1
0.4,0.7777777777777778,0.8888888888888888,0.5,0.7,0.5641025641025641,0.5799925103511586,0.5488866169776664,0.5748534573817294,1
0.0,0.38047777777777775,0.5555555555555556,0.3,0.2,0.3846153846153846,0.3598150120708042,0.19804245403174905,0.2258238178802558,0
0.4,0.5228066666666666,0.7777777777777778,0.5,0.2,0.5384615384615384,0.478744153569301,0.44141906561378114,0.30895199481949615,1
0.5333333333333333,0.7237088888888888,1.0,0.8,1.0,0.8974358974358974,0.9541343503479957,0.762920552088697,0.6672965868395856,1
0.2,0.5246977777777776,0.6666666666666666,0.4,0.3,0.28205128205128205,0.18952665960985085,0.23720370215221434,0.1803149650660655,1
0.0,0.46940444444444435,0.7777777777777778,0.4,0.6,0.15384615384615385,0.1471204359777096,0.3048907671748377,0.22224917771793237,0
0.0,0.5730177777777778,0.6666666666666666,0.3,0.2,0.28205128205128205,0.2524593368024658,0.21084049903000562,0.26068226212519574,0
0.0,0.5579866666666666,0.7777777777777778,0.5,0.5,0.23076923076923073,0.29786448912963565,0.3081793985131452,0.12485805685860568,0
0.4666666666666667,0.6855888888888889,1.0,0.7,1.0,0.8974358974358974,0.8632336849609065,0.6972516577022685,0.8199552769994783,1
0.3333333333333333,0.7542288888888888,0.6666666666666666,0.7,0.6,0.5384615384615384,0.5506308496432649,0.6437911981009791,0.54664982243487,1
0.0,0.5093044444444444,0.6666666666666666,0.4,0.6,0.20512820512820507,0.32124975890681406,0.2130102220872156,0.1543973321787287,0
0.6,0.7197244444444446,1.0,0.7,0.7,0.6923076923076923,0.7998299439092948,0.5995432695867907,0.6851771943327706,1
0.06666666666666667,0.5386955555555555,0.5555555555555556,0.5,0.5,0.20512820512820507,0.3923388081440139,0.3367149381513226,0.1106810642211135,0
0.2,0.3333333333333333,0.6666666666666666,0.5,0.4,0.23076923076923073,0.0910108452353258,0.26731660464518886,0.21630734186041478,0
0.13333333333333333,0.49084888888888906,0.6666666666666666,0.6,0.4,0.20512820512820507,0.1522058178391836,0.11549735186865151,0.16275402319410592,0
0.0,0.4687066666666667,0.0,0.2,0.3,0.33333333333333326,0.40320801232280656,0.24082944060251543,0.2896748606529124,0
0.06666666666666667,0.4870466666666667,0.0,0.4,0.3,0.17948717948717952,0.3189276473183968,0.11227571034007253,0.26086315307242225,0
0.26666666666666666,0.7491555555555556,0.3333333333333333,0.5,0.0,0.5897435897435896,0.6156122028776834,0.5362912784293817,0.6846741151499053,1
0.3333333333333333,0.7019,1.0,0.3,0.8,0.6666666666666665,0.7006894430167062,0.5515186438889174,0.648162301745644,1
0.3333333333333333,0.6599755555555556,0.6666666666666666,0.6,0.6,0.4871794871794871,0.6210540522994843,0.408355067864636,0.5832980645010272,1
0.0,0.3454777777777778,0.5555555555555556,0.3,0.4,0.17948717948717952,0.3150126522774019,0.2795843667939036,0.0005462589301105521,0
0.6,0.72898,1.0,1.0,0.7,0.8717948717948718,0.7643882743421428,0.8549691407246914,0.8249083290704144,1
0.0,0.5852044444444444,0.3333333333333333,0.1,0.2,0.07692307692307693,0.24494417374259506,0.26288581695803803,0.2114530249562087,0
0.4666666666666667,0.7428266666666666,1.0,0.0,0.8,0.8974358974358974,0.9139370049865311,0.7055149016449944,0.7822786102009676,1
0.6666666666666666,0.7146066666666665,1.0,0.7,1.0,0.8717948717948718,0.8138919956301387,0.6932730415415234,0.6993856935943484,1
0.0,0.2222222222222222,0.4444444444444444,0.4,0.6,0.23076923076923073,0.0,0.12950884505870247,0.0042253386102718985,0
0.06666666666666667,0.436748888888889,0.6666666666666666,0.7,0.5,0.17948717948717952,0.14748380767380512,0.24067373412976314,0.30847151108187515,0
0.0,0.1111111111111111,0.4444444444444444,0.2,0.3,0.2564102564102564,0.03938426546222957,0.05334682567458283,0.0945772033489456,0
0.3333333333333333,0.740868888888889,0.8888888888888888,0.6,0.5,0.5128205128205128,0.5759428537749918,0.43180043721236033,0.5519727405398686,1
0.06666666666666667,0.4503155555555555,0.7777777777777778,0.6,0.3,0.20512820512820507,0.3669909772251046,0.16808535490416737,0.31299086069150656,0
0.26666666666666666,0.7490155555555555,0.7777777777777778,0.6,0.7,0.5384615384615384,0.5816342208795158,0.6537796278337134,0.5115380281835633,1
0.5333333333333333,0.7423955555555555,1.0,0.8,0.8,0.8974358974358974,0.8727828293631597,0.7735716385151294,0.7511566896388444,1
0.06666666666666667,0.5931977777777777,0.7777777777777778,0.3,0.6,0.20512820512820507,0.4129918757688106,0.3413943981569412,0.21856638938926698,1
0.13333333333333333,0.49686444444444444,0.6666666666666666,0.3,0.5,0.20512820512820507,0.15172364813702485,0.30403885008709625,0.2483369461823222,0
0.3333333333333333,0.7234466666666667,0.8888888888888888,0.7,0.5,0.5384615384615384,0.5311551043526929,0.6006667785066115,0.4759166899468078,1
0.6,0.7627444444444444,1.0,1.0,0.7,0.8717948717948718,0.7621245728601628,0.7375899003607709,0.726478178654792,1
0.0,0.6097755555555556,0.6666666666666666,0.2,0.3,0.3076923076923077,0.4946232942026482,0.2760631781448724,0.28169951385668934,0
0.8666666666666667,0.8036177777777779,1.0,1.0,1.0,1.0,0.9004203917580984,0.9803901962807596,0.8432840348661298,1
0.0,0.5730488888888889,0.4444444444444444,0.3,0.5,0.33333333333333326,0.4863065434280623,0.3537047437401687,0.36962019592669426,0
0.2,1.0,0.6666666666666666,0.2,0.2,0.5384615384615384,0.7068674041183169,0.6249913816198674,0.7666889226108587,1
0.0,0.6240488888888889,0.4444444444444444,0.1,0.2,0.07692307692307693,0.3107127298498431,0.15332129481623533,0.0649170017685843,0
0.0,0.41112444444444435,0.4444444444444444,0.2,0.3,0.3589743589743589,0.16215332724716927,0.31708137283334353,0.19183613882700992,0
0.06666666666666667,0.5208977777777778,0.5555555555555556,0.6,0.4,0.2564102564102564,0.385904159491659,0.15108735043627886,0.08414279001991772,0
0.4,0.6248688888888888,0.6666666666666666,0.5,0.6,0.6153846153846153,0.5503031233304158,0.5255196927922656,0.6061068491955569,1
0.2,0.4657066666666666,0.5555555555555556,0.4,0.9,0.15384615384615385,0.10836690709996698,0.05424099323849181,0.23562754961984939,1
0.0,0.4103355555555556,0.4444444444444444,0.8,0.2,0.46153846153846145,0.527507187876039,0.4750933883416695,0.2798658038229091,0
0.06666666666666667,0.5410488888888889,0.6666666666666666,0.4,0.6,0.20512820512820507,0.3714537297872109,0.2117825703152136,0.18743187988107657,0
0.4666666666666667,0.7862999999999999,1.0,0.7,0.7,0.8717948717948718,0.9089601066013466,0.8545290684465163,0.7185046326231028,1
0.13333333333333333,0.5751488888888888,0.5555555555555556,0.3,0.3,0.3076923076923077,0.5099004591102222,0.44540393663487027,0.32215145410607127,0
0.0,0.62776,0.6666666666666666,0.5,0.6,0.20512820512820507,0.26775983908133355,0.3430566372028422,0.29928719698549167,0
0.2,0.8888888888888888,0.6666666666666666,0.4,0.4,0.23076923076923073,0.5467416590671001,0.5553519986035201,0.3903619461249508,1
0.0,0.34183777777777785,0.6666666666666666,0.4,0.5,0.28205128205128205,0.3063665562824039,0.0409928308378017,0.24150435915587407,0
0.06666666666666667,0.6178977777777778,0.5555555555555556,0.5,0.1,0.3589743589743589,0.501158513197412,0.4791708085701219,0.5446749560085093,1
0.13333333333333333,0.3730866666666667,0.4444444444444444,0.4,0.2,0.10256410256410253,0.30967723499656424,0.03364690915745766,0.04836157072055218,0
0.26666666666666666,0.6702177777777777,0.8888888888888888,0.6,0.6,0.6153846153846153,0.7184009016681684,0.6355633657757083,0.5388010801939143,1
0.4666666666666667,0.6856777777777777,1.0,0.7,0.5,0.6923076923076923,0.7435711763751309,0.6352720166534558,0.5816273863852731,1
0.13333333333333333,0.50162,0.5555555555555556,0.5,0.3,0.33333333333333326,0.4505649062725966,0.4103800729553312,0.31924495452364127,0
0.13333333333333333,0.48017555555555563,0.3333333333333333,0.4,0.2,0.33333333333333326,0.4327254470423991,0.21148740362293927,0.3945729809131758,0
0.06666666666666667,0.46721999999999997,0.4444444444444444,0.5,0.6,0.20512820512820507,0.10143196600191366,0.15971075225009415,0.3719802184799864,0
0.3333333333333333,0.6046844444444444,0.7777777777777778,0.6,0.7,0.20512820512820507,0.42707435749515366,0.33114284500887864,0.39238898550579293,1
0.3333333333333333,0.7428066666666666,0.7777777777777778,0.6,0.6,0.7435897435897436,0.8773422359037705,0.6146895315022929,0.7899311781571067,1
0.4,0.7231644444444443,0.7777777777777778,0.6,0.7,0.6666666666666665,0.7694280483122884,0.6371389140956069,0.5907906133938449,1
0.3333333333333333,0.2222222222222222,0.7777777777777778,0.7,0.6,0.4358974358974359,0.13288573771794804,0.11752058294318933,0.10526984592629696,1
0.8,0.6448666666666667,1.0,1.0,1.0,0.8717948717948718,0.7047992521576633,0.8202436693815028,0.7497094887179968,1
0.06666666666666667,0.6016844444444445,0.7777777777777778,0.3,0.4,0.15384615384615385,0.17550327634434232,0.36743275020529687,0.1279119682225319,0
0.2,0.41682888888888875,0.4444444444444444,0.3,0.2,0.33333333333333326,0.44907552700339115,0.32007709772041854,0.15712588901096042,0
0.0,0.42176888888888897,0.6666666666666666,0.4,0.3,0.2564102564102564,0.07434189833751992,0.38811412486585894,0.31005003270819526,0
0.4666666666666667,0.809228888888889,1.0,0.7,0.8,0.9743589743589742,0.9361040237791579,0.8357512791858842,0.943599564519163,1
0.4666666666666667,0.7151044444444445,1.0,0.8,0.8,0.8717948717948718,0.9331494959038571,0.8641469032091306,0.7363373664147566,1
0.0,0.4888666666666668,0.5555555555555556,0.4,0.1,0.1282051282051282,0.13968382572516364,0.1682199652066281,0.282729748038937,0
0.0,0.56368,0.5555555555555556,0.6,0.5,0.15384615384615385,0.21237207911642628,0.33493525113206174,0.24841026798717247,0
0.13333333333333333,0.4130755555555557,0.4444444444444444,0.4,0.4,0.23076923076923073,0.3223817175096044,0.33839392376881344,0.22517842908207775,0
0.13333333333333333,0.683128888888889,0.3333333333333333,0.2,0.6,0.41025641025641024,0.3911272514550005,0.4251509454767093,0.5606535431154922,1
0.4,0.75834,0.6666666666666666,0.5,0.5,0.46153846153846145,0.5134455921164417,0.44176201535197673,0.4219032035637754,1
0.0,0.6608177777777777,0.5555555555555556,0.3,0.6,0.20512820512820507,0.4740382089287657,0.3717891666252216,0.26872070709310497,0
0.06666666666666667,0.5491288888888889,0.4444444444444444,0.4,0.3,0.28205128205128205,0.2250702840727012,0.280349739375446,0.21143578934281276,0
0.0,0.5114466666666666,0.7777777777777778,0.3,0.4,0.20512820512820507,0.14633482553727462,0.3830427376541238,0.2724063046530467,0
0.26666666666666666,0.7004244444444443,0.8888888888888888,0.7,0.5,0.7948717948717947,0.7850638693941705,0.6577649339908407,0.631262489438386,1
0.0,0.5787755555555554,0.3333333333333333,0.3,0.5,0.2564102564102564,0.25630111525355564,0.42785816636178464,0.44454813412624644,0
0.0,0.37994444444444436,0.4444444444444444,0.4,0.6,0.15384615384615385,0.2641002548995943,0.07536664707949658,0.21510649440634183,0
0.0,0.6023999999999999,0.6666666666666666,0.2,0.7,0.2564102564102564,0.25216096360767015,0.20528741622356272,0.16668467913721777,0
0.13333333333333333,0.4550088888888889,0.4444444444444444,0.3,0.6,0.2564102564102564,0.34288387274820165,0.35835255684782386,0.3177340397356238,0
0.0,0.4708755555555556,0.4444444444444444,0.4,0.3,0.28205128205128205,0.12148633788022276,0.3313606984210357,0.2556435376682082,0
0.26666666666666666,0.5691755555555557,0.6666666666666666,0.5,0.7,0.6153846153846153,0.4627694669923057,0.5826583582085075,0.5634807376454203,1
0.26666666666666666,0.5796244444444443,0.8888888888888888,0.3,0.8,0.7435897435897436,0.7238628486850129,0.728333860074023,0.7247698591560299,1
0.3333333333333333,0.6659644444444444,0.6666666666666666,0.7,0.6,0.5384615384615384,0.5168845910724904,0.3945899004294766,0.6190780109127069,1
0.06666666666666667,0.5389377777777776,0.3333333333333333,0.2,0.2,0.3076923076923077,0.3596497089593484,0.40468389733620175,0.33809533258643504,0
0.4666666666666667,0.6755755555555556,1.0,1.0,0.7,0.846153846153846,0.7520474410241929,0.7882345215465127,0.6412874478997372,1
0.0,0.5074755555555556,0.4444444444444444,0.6,0.5,0.20512820512820507,0.37009813052810225,0.22699364019435678,0.27382833154192016,0
0.4666666666666667,0.8245377777777778,1.0,0.8,0.7,0.9230769230769229,0.8198971886031646,0.9124732790137572,0.9754865359373769,1
0.0,0.42531555555555556,0.6666666666666666,0.0,0.5,0.20512820512820507,0.3390376111684752,0.17090955515456163,0.09379675624559222,0
0.0,0.35797555555555555,0.1111111111111111,0.4,0.1,0.1282051282051282,0.22980929816058335,0.2706505271268802,0.13407139163617895,0
0.26666666666666666,0.6493755555555555,0.6666666666666666,0.6,0.6,0.6153846153846153,0.5781501180409142,0.6416096550225101,0.5725772620581159,1
0.4666666666666667,0.8174977777777779,1.0,0.8,0.9,0.8717948717948718,0.7973506188444287,0.7474433401480629,0.7765947719821868,1
0.9333333333333333,0.8838466666666667,1.0,0.8,0.8,0.9487179487179487,0.8709147845751677,0.9279103254316725,0.8296861279574756,1
0.06666666666666667,0.4171866666666667,0.4444444444444444,0.4,0.5,0.2564102564102564,0.24024922610286087,0.09604852558178778,0.15544401932697846,0
1.0,0.6596666666666667,0.1111111111111111,0.7,0.7,0.8974358974358974,0.9392486904356674,0.7172135763226226,0.7592704193028494,1
0.0,0.4136466666666666,0.3333333333333333,0.1,0.6,0.1282051282051282,0.24050621566664537,0.22961118077505996,0.2304875365004406,0
0.0,0.5703199999999999,0.4444444444444444,0.1,0.4,0.1282051282051282,0.37700081506455646,0.3506832929762863,0.22006549305341183,0
0.0,0.5297844444444445,0.3333333333333333,0.7,0.3,0.41025641025641024,0.3269686209647448,0.45411592738959283,0.39756018099586643,0
0.0,0.48808666666666667,0.4444444444444444,0.3,0.4,0.3076923076923077,0.3293026895239836,0.16847919177613763,0.15723931594579568,0
0.13333333333333333,0.39661555555555555,0.3333333333333333,0.2,0.6,0.46153846153846145,0.5206419647233194,0.4550530694819429,0.27262664353805605,0
0.26666666666666666,0.6404466666666667,0.8888888888888888,0.5,0.4,0.6153846153846153,0.7035040123618876,0.5699915375553593,0.5047852808417459,1
0.0,0.5254888888888889,0.7777777777777778,0.5,0.4,0.17948717948717952,0.35360724188989423,0.25127380834283103,0.10571870530495907,0
0.4666666666666667,0.7391599999999999,1.0,1.0,0.7,0.9743589743589742,0.8660695697589101,0.9040627512112358,0.9662720643427494,1
0.4666666666666667,0.8830466666666665,1.0,0.8,0.8,0.9487179487179487,0.9748046601718185,1.0,0.9500259700934243,1
0.0,0.5035666666666666,0.5555555555555556,0.4,0.3,0.28205128205128205,0.3667007721102614,0.31676714647790527,0.16842213705204298,0
0.0,0.5819177777777776,0.3333333333333333,0.4,0.5,0.28205128205128205,0.3750184583408222,0.3365707442859069,0.3142333660248333,0
0.0,0.4868555555555556,0.3333333333333333,0.2,0.5,0.33333333333333326,0.4122893659814163,0.1673534895592801,0.1961122163424076,0
0.0,0.46994444444444433,0.4444444444444444,0.5,0.4,0.3846153846153846,0.2560360654716185,0.42764983309194515,0.47134100516541716,0
0.0,0.4907377777777778,0.3333333333333333,0.2,0.4,0.33333333333333326,0.296522756975772,0.4178203724714107,0.31388589663778704,0
0.2,0.5555555555555556,0.5555555555555556,0.4,0.5,0.46153846153846145,0.37098575862019195,0.3809540547203088,0.38905914220081483,1
0.0,0.5080355555555555,0.4444444444444444,0.4,0.3,0.3589743589743589,0.27248473111789806,0.3467690487623012,0.18668673007870829,0
0.06666666666666667,0.5541488888888889,0.4444444444444444,0.3,0.3,0.23076923076923073,0.416750714378998,0.2341448851820718,0.3132284052736739,0
0.6666666666666666,0.6888666666666666,1.0,0.8,1.0,0.846153846153846,0.8263671590533656,0.8080820575243046,0.8104521909088572,1
0.3333333333333333,0.58204,0.7777777777777778,0.5,0.5,0.5384615384615384,0.4325510462783859,0.5296182047867986,0.4901712138933852,1
0.8666666666666667,0.8452488888888889,1.0,0.8,0.7,0.7692307692307692,0.7591311823782874,0.796650353780662,0.823018794371005,1
0.0,0.4930044444444444,0.3333333333333333,0.4,0.5,0.28205128205128205,0.45383359144629437,0.25332018090321,0.40183643318349405,0
0.3333333333333333,0.6836466666666666,1.0,0.6,0.8,0.6666666666666665,0.5683167019033847,0.7301418238890545,0.6929742442091364,1
0.26666666666666666,0.2222222222222222,0.7777777777777778,0.7,0.5,0.5641025641025641,0.2615354483775907,0.37053369169117406,0.14116933183581523,1
0.0,0.4846066666666667,0.3333333333333333,0.4,0.5,0.33333333333333326,0.2969128391758181,0.4166059500681607,0.32606594949028395,0
0.0,0.7069288888888888,0.5555555555555556,0.2,0.5,0.2564102564102564,0.34226840743348447,0.48546229080876785,0.2602561564583284,0
0.4666666666666667,0.8861377777777777,1.0,1.0,0.7,0.8974358974358974,0.979028326267833,0.7808965300883457,0.901829360405746,1
0.13333333333333333,0.47950000000000004,0.3333333333333333,0.2,0.2,0.33333333333333326,0.2941750419376975,0.19352352222899438,0.13642558148805112,0
0.4666666666666667,0.7725555555555554,1.0,0.7,0.7,0.8717948717948718,0.7324349652130102,0.7423149360217984,0.7505821646887803,1
0.13333333333333333,0.576408888888889,0.6666666666666666,0.2,0.4,0.3076923076923077,0.34296773431721467,0.39972608415390426,0.20501798034437163,0
0.3333333333333333,0.0,0.6666666666666666,0.7,0.5,0.41025641025641024,0.20155448190617023,0.20695248981960934,0.25632754832997723,1
0.0,0.45480666666666664,0.4444444444444444,0.4,0.6,0.17948717948717952,0.22925323724198815,0.2765371214475237,0.10805451211094144,0
0.3333333333333333,0.77432,0.8888888888888888,0.6,0.5,0.641025641025641,0.7700111688148427,0.5856912194020334,0.67923265636341,1
0.0,0.48634666666666665,0.5555555555555556,0.4,0.4,0.4358974358974359,0.3035401437115718,0.3819694050284351,0.2693627057059604,0
0.0,0.4630866666666667,0.3333333333333333,0.7,0.3,0.5128205128205128,0.34154158951859603,0.4994829324257358,0.5331522729250929,0
0.6666666666666666,0.7140999999999998,1.0,0.7,0.7,0.7179487179487178,0.6861718379637203,0.6310552533574914,0.5672374779500196,1
0.13333333333333333,0.4991355555555555,0.5555555555555556,0.6,0.3,0.20512820512820507,0.2300568302056231,0.20811288048248947,0.1096471281456409,0
0.3333333333333333,0.5824866666666666,1.0,0.8,0.8,0.7179487179487178,0.6931718442412772,0.5362902082061289,0.7570510165799285,1
0.13333333333333333,0.3887644444444444,0.5555555555555556,0.5,0.5,0.28205128205128205,0.29724407393885616,0.32814447935693786,0.16346364601598343,0
0.3333333333333333,0.6190066666666666,0.6666666666666666,0.7,0.7,0.6153846153846153,0.7319983229961101,0.49131644106927186,0.6789755755126201,1
0.0,0.34859555555555555,0.6666666666666666,0.3,0.3,0.28205128205128205,0.1698672541100086,0.09202982757833147,0.06383192629640996,0
0.0,0.46973777777777787,0.5555555555555556,0.2,0.3,0.3076923076923077,0.40077246934316135,0.29958818531523596,0.22377591144070846,0
0.0,0.4883466666666668,0.4444444444444444,0.5,0.2,0.3076923076923077,0.1681896658052546,0.15099591197090856,0.382181595893465,1
0.4666666666666667,0.7111199999999999,1.0,0.5,0.8,0.8717948717948718,0.7365246767589241,0.6721033878717756,0.8699139724213476,1
0.06666666666666667,0.63714,0.6666666666666666,0.5,0.4,0.17948717948717952,0.36853684666070574,0.3952699793007197,0.31957871937844545,0
0.2,0.5833155555555556,0.6666666666666666,0.5,0.4,0.46153846153846145,0.47702952650295516,0.3500890204654928,0.327257629064891,1
0.4666666666666667,0.8879355555555554,1.0,0.4,1.0,0.8205128205128205,1.0,0.7459563508204365,0.8838674637379342,1
1.0,0.3333333333333333,1.0,1.0,0.8,0.8974358974358974,0.537583211677153,0.6121751278519966,0.5888947885640814,1
0.0,0.5760777777777776,0.5555555555555556,0.6,0.6,0.23076923076923073,0.42110471479087674,0.3546278751567505,0.0964383407829688,0
0.0,0.5877377777777777,0.5555555555555556,0.5,0.5,0.23076923076923073,0.4269391537092956,0.20177196802304018,0.43085751969035185,1
0.4,0.7400444444444445,0.6666666666666666,0.5,0.7,0.6153846153846153,0.6819163222392615,0.5628209237288744,0.6814032087643755,1
0.3333333333333333,0.6546555555555555,0.6666666666666666,0.5,0.7,0.5897435897435896,0.5851727448990747,0.5490634284291318,0.6632276947147634,1
0.6,0.7542800000000001,0.2222222222222222,0.7,0.8,0.8205128205128205,0.9365533064184672,0.7932138149462936,0.7189349786754833,1
