0,1,2,3,4,5,6,7,8,9,10,11
1.0,0.4721545682355857,0.7617394000445604,2.2235149487053834,2.013114894621608,-0.4260733053577302,-0.31045663561010445,-0.5900223499626146,-0.8099345390596717,-2.3975750430883584,0.42607330535773025,-1.3291797151424285
1.0,-2.1179504917996277,-1.312784923481051,-0.7515015680293455,-0.49674263633520194,-0.4260733053577302,-0.21154837023352316,-0.5900223499626146,-0.37020959968994976,0.28034472580614317,0.42607330535773025,-0.04675506535676875
1.0,0.4721545682355857,0.7617394000445604,1.2318427764604738,2.013114894621608,-0.4260733053577302,-0.23405739408168202,-0.08098641603811606,0.1729800312961774,0.28034472580614317,0.42607330535773025,-1.3291797151424285
1.0,0.4721545682355857,0.7617394000445604,1.2318427764604738,-0.49674263633520194,-0.4260733053577302,-0.44419638314588045,-0.16901247406616543,-0.6030051558268614,0.28034472580614317,0.42607330535773025,-0.04675506535676875
1.0,0.4721545682355857,0.7617394000445604,2.2235149487053834,-0.49674263633520194,-0.4260733053577302,0.3825584198025531,-0.5900223499626146,-0.20207947581329136,-2.3975750430883584,0.42607330535773025,1.235669584428891
1.0,0.4721545682355857,0.7617394000445604,1.2318427764604738,2.013114894621608,-0.4260733053577302,-0.5289748963258073,0.03842598235239354,-1.2755256513334952,0.28034472580614317,0.42607330535773025,-0.04675506535676875
1.0,0.4721545682355857,0.7617394000445604,0.24017060421556405,-0.49674263633520194,-0.4260733053577302,0.16239716464537882,2.0255060135757375,0.4704410196933423,0.28034472580614317,-2.3470139701908863,1.235669584428891
1.0,0.4721545682355857,0.7617394000445604,0.24017060421556405,-0.49674263633520194,-0.4260733053577302,-0.1854247586141271,0.49226524874291033,0.3669763280769371,-3.825798919832093,0.42607330535773025,-1.3291797151424285
1.0,0.4721545682355857,0.7617394000445604,1.2318427764604738,-0.49674263633520194,-0.4260733053577302,-0.1155974948515905,-0.08964471682776025,0.08244842613182288,0.28034472580614317,0.42607330535773025,-0.04675506535676875
1.0,0.4721545682355857,0.7617394000445604,0.24017060421556405,2.013114894621608,-0.4260733053577302,0.19657144902798498,-0.5900223499626146,-0.08568169774483554,-2.3975750430883584,0.42607330535773025,1.235669584428891
1.0,0.4721545682355857,0.7617394000445604,1.2318427764604738,2.013114894621608,-0.4260733053577302,0.11721481750491396,-0.0037832339971219336,0.5609726248576968,2.065624571735811,0.42607330535773025,-0.04675506535676875
1.0,0.4721545682355857,-1.312784923481051,-0.7515015680293455,2.013114894621608,-0.4260733053577302,-0.6521994794361661,-0.5900223499626146,-1.4048565158540016,0.28034472580614317,0.42607330535773025,1.235669584428891
1.0,-2.1179504917996277,0.7617394000445604,0.24017060421556405,-0.49674263633520194,-0.4260733053577302,-0.132027439266305,0.4363470561431249,-0.0468824383886836,-2.3975750430883584,0.42607330535773025,-0.04675506535676875
1.0,0.4721545682355857,0.7617394000445604,1.2318427764604738,2.013114894621608,-0.4260733053577302,-0.3375660438943834,0.4413977316037507,0.004849907419518993,0.28034472580614317,0.42607330535773025,1.235669584428891
1.0,0.4721545682355857,0.7617394000445604,1.2318427764604738,-0.49674263633520194,-0.4260733053577302,-0.20448349413519593,-0.06799896485364976,0.18591311774822805,0.28034472580614317,0.42607330535773025,-1.3291797151424285
1.0,0.4721545682355857,0.7617394000445604,-0.7515015680293455,-0.49674263633520194,-0.4260733053577302,-0.5391614618629302,1.8148206943610619,-0.9521984900322289,-2.3975750430883584,0.42607330535773025,-0.04675506535676875
1.0,0.4721545682355857,0.7617394000445604,1.2318427764604738,-0.49674263633520194,-0.4260733053577302,0.4252762752808108,-0.5900223499626146,0.7291027487343552,0.28034472580614317,0.42607330535773025,-0.04675506535676875
1.0,0.4721545682355857,0.7617394000445604,-0.7515015680293455,2.013114894621608,-0.4260733053577302,-0.4098577993191272,-0.3966536323272275,-1.0039308358404315,0.28034472580614317,0.42607330535773025,-1.3291797151424285
1.0,0.4721545682355857,-1.312784923481051,-0.7515015680293455,-0.49674263633520194,-0.4260733053577302,-0.28515452121144413,0.9616173040482063,0.3669763280769371,0.28034472580614317,0.42607330535773025,-1.3291797151424285
1.0,0.4721545682355857,0.7617394000445604,1.2318427764604738,2.013114894621608,2.3470139701908863,-0.5810578201204523,0.08640739922833848,-0.6030051558268614,0.28034472580614317,0.42607330535773025,-0.04675506535676875
1.0,0.4721545682355857,0.7617394000445604,-0.7515015680293455,-0.49674263633520194,-0.4260733053577302,-0.3551460844181279,-0.5900223499626146,0.3411101551728358,0.28034472580614317,0.42607330535773025,-1.3291797151424285
1.0,0.4721545682355857,-1.312784923481051,0.24017060421556405,-0.49674263633520194,-0.4260733053577302,-0.38603437991779116,0.12681280291334476,-0.42194194549815234,-2.3975750430883584,-2.3470139701908863,1.235669584428891
1.0,0.4721545682355857,0.7617394000445604,2.2235149487053834,-0.49674263633520194,-0.4260733053577302,-0.3196574044823446,0.6466716128248986,0.08244842613182288,0.28034472580614317,0.42607330535773025,-1.3291797151424285
1.0,0.4721545682355857,-1.312784923481051,0.24017060421556405,-0.49674263633520194,2.3470139701908863,-0.11822628595794482,-0.5900223499626146,-0.48660737775840557,0.28034472580614317,0.42607330535773025,-1.3291797151424285
1.0,0.4721545682355857,0.7617394000445604,0.24017060421556405,-0.49674263633520194,-0.4260733053577302,0.08928391199989931,1.4392668976102447,2.2164076907201795,0.28034472580614317,0.42607330535773025,1.235669584428891
1.0,0.4721545682355857,0.7617394000445604,0.24017060421556405,-0.49674263633520194,-0.4260733053577302,-0.23389309463753488,-0.5900223499626146,-1.2108602190732418,-1.5049351201235246,0.42607330535773025,1.235669584428891
1.0,-2.1179504917996277,-1.312784923481051,0.24017060421556405,-0.49674263633520194,-0.4260733053577302,1.2898199503830878,-0.5900223499626146,-1.3401910835937483,0.28034472580614317,0.42607330535773025,1.235669584428891
1.0,0.4721545682355857,-1.312784923481051,-0.7515015680293455,-0.49674263633520194,-0.4260733053577302,-0.01570343281012634,-0.5900223499626146,-0.09861478419688618,0.28034472580614317,0.42607330535773025,1.235669584428891
1.0,0.4721545682355857,-1.312784923481051,-0.7515015680293455,-0.49674263633520194,-0.4260733053577302,-0.5933802784314881,-0.1524173975526807,-1.2496594784293937,0.28034472580614317,0.42607330535773025,1.235669584428891
1.0,0.4721545682355857,0.7617394000445604,1.2318427764604738,-0.49674263633520194,-0.4260733053577302,-0.26478139013719815,0.7087227684840154,0.9360321319671656,0.28034472580614317,-2.3470139701908863,1.235669584428891
1.0,0.4721545682355857,0.7617394000445604,-0.7515015680293455,-0.49674263633520194,-0.4260733053577302,0.4142682125229521,-0.5900223499626146,1.6990842326381537,0.28034472580614317,0.42607330535773025,1.235669584428891
1.0,0.4721545682355857,0.7617394000445604,-0.7515015680293455,-0.49674263633520194,-0.4260733053577302,1.5556564510131683,-0.5900223499626146,-0.615938242278912,0.28034472580614317,0.42607330535773025,-0.04675506535676875
1.0,0.4721545682355857,0.7617394000445604,0.24017060421556405,-0.49674263633520194,-0.4260733053577302,-0.5963376684261368,0.21519962347429597,-0.47367429130635497,0.28034472580614317,0.42607330535773025,-1.3291797151424285
1.0,0.4721545682355857,-1.312784923481051,-0.7515015680293455,-0.49674263633520194,-0.4260733053577302,-0.5874654984421909,11.617099475837001,-0.693536760991216,0.28034472580614317,0.42607330535773025,1.235669584428891
1.0,0.4721545682355857,0.7617394000445604,-0.7515015680293455,2.013114894621608,-0.4260733053577302,-0.18263166806362566,0.13655339130169447,0.6515042300220514,0.28034472580614317,0.42607330535773025,-1.3291797151424285
1.0,0.4721545682355857,0.7617394000445604,-0.7515015680293455,-0.49674263633520194,-0.4260733053577302,-0.4093649009866857,-0.5842068576291964,-0.7323360203473679,0.28034472580614317,0.42607330535773025,-1.3291797151424285
1.0,0.4721545682355857,0.7617394000445604,0.24017060421556405,-0.49674263633520194,-0.4260733053577302,-0.37075453161210664,0.051774196069761684,-0.0468824383886836,0.28034472580614317,0.42607330535773025,-0.04675506535676875
1.0,0.4721545682355857,-1.312784923481051,-0.7515015680293455,-0.49674263633520194,-0.4260733053577302,-0.36878293828234093,-0.5900223499626146,-0.9004661442240263,0.28034472580614317,0.42607330535773025,1.235669584428891
1.0,0.4721545682355857,-1.312784923481051,-0.7515015680293455,-0.49674263633520194,-0.4260733053577302,-0.5506624229532304,0.2069020852175536,-0.12448095710098747,0.28034472580614317,0.42607330535773025,-0.04675506535676875
1.0,0.4721545682355857,0.7617394000445604,0.24017060421556405,2.013114894621608,-0.4260733053577302,-0.3306654672402033,0.0016282039964056912,-0.42194194549815234,-2.3975750430883584,0.42607330535773025,1.235669584428891
1.0,0.4721545682355857,-1.312784923481051,-0.7515015680293455,-0.49674263633520194,-0.4260733053577302,0.066281989819299,0.7325330956555369,2.164675344911977,0.28034472580614317,0.42607330535773025,-1.3291797151424285
1.0,0.4721545682355857,0.7617394000445604,-0.7515015680293455,2.013114894621608,-0.4260733053577302,-0.5058086747010598,-0.04310635008342267,-0.6288713287309627,0.28034472580614317,0.42607330535773025,1.235669584428891
1.0,0.4721545682355857,0.7617394000445604,-0.7515015680293455,-0.49674263633520194,2.3470139701908863,-0.4657196103291565,0.7628371484192916,0.10831459903592416,0.28034472580614317,0.42607330535773025,-1.3291797151424285
1.0,0.4721545682355857,0.7617394000445604,0.24017060421556405,-0.49674263633520194,-0.4260733053577302,0.4384202308125824,0.2216933490665291,0.4704410196933423,0.28034472580614317,0.42607330535773025,1.235669584428891
1.0,0.4721545682355857,0.7617394000445604,-0.7515015680293455,2.013114894621608,-0.4260733053577302,0.3694144642707815,-0.5900223499626146,-0.5124735506625069,0.28034472580614317,-2.3470139701908863,1.235669584428891
1.0,0.4721545682355857,-1.312784923481051,-0.7515015680293455,-0.49674263633520194,-0.4260733053577302,-0.35859637274521794,0.39810622765552967,-0.434875031950203,0.28034472580614317,0.42607330535773025,1.235669584428891
1.0,0.4721545682355857,0.7617394000445604,1.2318427764604738,-0.49674263633520194,-0.4260733053577302,0.21168699788952233,0.04131208261560827,1.1170953422958747,-0.6122951971586907,0.42607330535773025,-0.04675506535676875
1.0,0.4721545682355857,-1.312784923481051,-0.7515015680293455,-0.49674263633520194,-0.4260733053577302,0.09667738698652083,-0.5900223499626146,-0.03394935193663295,0.28034472580614317,0.42607330535773025,1.235669584428891
1.0,0.4721545682355857,0.7617394000445604,1.2318427764604738,2.013114894621608,-0.4260733053577302,-0.2853188206555913,-0.502717817000369,-0.4607412048543043,0.28034472580614317,0.42607330535773025,-0.04675506535676875
1.0,0.4721545682355857,-1.312784923481051,-0.7515015680293455,-0.49674263633520194,-0.4260733053577302,-0.2729963623445554,-0.5900223499626146,-0.3960757725940511,2.065624571735811,0.42607330535773025,1.235669584428891
1.0,-2.1179504917996277,0.7617394000445604,-0.7515015680293455,-0.49674263633520194,-0.4260733053577302,-0.5063015730335013,1.0283583726350471,-0.5642058964707095,0.28034472580614317,0.42607330535773025,-0.04675506535676875
1.0,0.4721545682355857,0.7617394000445604,-0.7515015680293455,-0.49674263633520194,-0.4260733053577302,-0.39079906379805834,-0.06366981445882765,-0.6288713287309627,0.28034472580614317,0.42607330535773025,1.235669584428891
1.0,0.4721545682355857,0.7617394000445604,0.24017060421556405,-0.49674263633520194,2.3470139701908863,0.7538751635751008,-0.5900223499626146,0.1471138583920761,0.28034472580614317,0.42607330535773025,-1.3291797151424285
1.0,0.4721545682355857,-1.312784923481051,-0.7515015680293455,2.013114894621608,-0.4260733053577302,-0.27332496123284966,0.011729554917657257,-0.434875031950203,0.28034472580614317,0.42607330535773025,-0.04675506535676875
1.0,0.4721545682355857,-1.312784923481051,-0.7515015680293455,-0.49674263633520194,-0.4260733053577302,-0.4783706675284866,6.625228308074219,-0.5254066371145575,0.28034472580614317,0.42607330535773025,-0.04675506535676875
1.0,0.4721545682355857,0.7617394000445604,0.24017060421556405,-0.49674263633520194,-0.4260733053577302,0.014527664912948336,-0.13546155850629416,0.3411101551728358,0.28034472580614317,0.42607330535773025,-1.3291797151424285
1.0,0.4721545682355857,-1.312784923481051,2.2235149487053834,-0.49674263633520194,-0.4260733053577302,1.1646237739429632,0.49226524874291033,2.281073122980433,0.28034472580614317,0.42607330535773025,-1.3291797151424285
1.0,0.4721545682355857,0.7617394000445604,1.2318427764604738,-0.49674263633520194,-0.4260733053577302,-0.23093570464288626,-0.03949872475440426,0.3152439822687345,0.28034472580614317,0.42607330535773025,1.235669584428891
1.0,-2.1179504917996277,0.7617394000445604,-0.7515015680293455,-0.49674263633520194,-0.4260733053577302,-0.20234760136128305,0.24189605090903224,0.4963071925974436,0.28034472580614317,0.42607330535773025,-0.04675506535676875
1.0,0.4721545682355857,0.7617394000445604,-0.7515015680293455,-0.49674263633520194,-0.4260733053577302,-0.4458393775873519,0.1437686419597313,-0.2796779945255952,0.28034472580614317,0.42607330535773025,-0.04675506535676875
1.0,-2.1179504917996277,0.7617394000445604,-0.7515015680293455,2.013114894621608,-0.4260733053577302,-0.5723499495806535,0.003071254128013058,-0.5642058964707095,0.28034472580614317,0.42607330535773025,-0.04675506535676875
1.0,0.4721545682355857,0.7617394000445604,0.24017060421556405,2.013114894621608,-0.4260733053577302,-0.31407122338134164,-0.19931652682992013,-0.11154787064893683,0.28034472580614317,0.42607330535773025,1.235669584428891
1.0,0.4721545682355857,0.7617394000445604,1.2318427764604738,-0.49674263633520194,-0.4260733053577302,1.8490952582599693,-0.5900223499626146,1.6990842326381537,0.28034472580614317,0.42607330535773025,1.235669584428891
1.0,0.4721545682355857,0.7617394000445604,1.2318427764604738,2.013114894621608,-0.4260733053577302,-0.5143522457967113,-0.5900223499626146,-0.3960757725940511,0.28034472580614317,0.42607330535773025,-1.3291797151424285
1.0,0.4721545682355857,0.7617394000445604,-0.7515015680293455,-0.49674263633520194,-0.4260733053577302,-0.09062397934122446,-0.29058944765408606,-0.2408787351694433,0.28034472580614317,0.42607330535773025,-0.04675506535676875
1.0,0.4721545682355857,0.7617394000445604,0.24017060421556405,2.013114894621608,-0.4260733053577302,-0.14089960925025083,-0.14664519702625123,0.18591311774822805,0.28034472580614317,0.42607330535773025,1.235669584428891
1.0,0.4721545682355857,-1.312784923481051,-0.7515015680293455,2.013114894621608,-0.4260733053577302,-0.33740174445023624,-0.5900223499626146,-0.8228676255117224,-4.53991085820396,0.42607330535773025,-0.04675506535676875
1.0,0.4721545682355857,0.7617394000445604,-0.7515015680293455,-0.49674263633520194,2.3470139701908863,5.542711062131936,1.1235996813211333,-0.30554416742969653,0.28034472580614317,0.42607330535773025,-0.04675506535676875
1.0,0.4721545682355857,0.7617394000445604,-0.7515015680293455,-0.49674263633520194,-0.4260733053577302,-0.18246736861947851,-0.5900223499626146,-0.33141034033379785,0.28034472580614317,0.42607330535773025,1.235669584428891
1.0,0.4721545682355857,-1.312784923481051,-0.7515015680293455,-0.49674263633520194,-0.4260733053577302,-0.48905013139805104,-0.5900223499626146,-0.8875330577719757,0.28034472580614317,0.42607330535773025,1.235669584428891
1.0,0.4721545682355857,-1.312784923481051,-0.7515015680293455,-0.49674263633520194,-0.4260733053577302,-0.4783706675284866,-0.5900223499626146,-0.615938242278912,2.065624571735811,0.42607330535773025,-0.04675506535676875
1.0,0.4721545682355857,-1.312784923481051,-0.7515015680293455,-0.49674263633520194,-0.4260733053577302,-0.08125891102483719,-0.5900223499626146,-0.17621330290919007,0.28034472580614317,-2.3470139701908863,-1.3291797151424285
1.0,0.4721545682355857,-1.312784923481051,-0.7515015680293455,-0.49674263633520194,2.3470139701908863,1.780746689494757,-0.5900223499626146,0.6256380571179501,0.28034472580614317,-2.3470139701908863,1.235669584428891
1.0,-2.1179504917996277,-1.312784923481051,-0.7515015680293455,-0.49674263633520194,-0.4260733053577302,-0.06762205716062415,-0.5900223499626146,-0.5254066371145575,0.28034472580614317,-2.3470139701908863,-0.04675506535676875
1.0,0.4721545682355857,0.7617394000445604,-0.7515015680293455,-0.49674263633520194,-0.4260733053577302,-0.13334183481948214,-0.5900223499626146,-0.913399230676077,-2.3975750430883584,0.42607330535773025,-0.04675506535676875
1.0,0.4721545682355857,0.7617394000445604,-0.7515015680293455,-0.49674263633520194,-0.4260733053577302,-0.2404650724034207,0.035179119556276964,0.06951533967977223,0.28034472580614317,-2.3470139701908863,-1.3291797151424285
1.0,0.4721545682355857,-1.312784923481051,-0.7515015680293455,-0.49674263633520194,-0.4260733053577302,-0.5003867930442041,0.3230676208119466,-0.09861478419688618,0.28034472580614317,0.42607330535773025,-0.04675506535676875
1.0,0.4721545682355857,0.7617394000445604,0.24017060421556405,-0.49674263633520194,-0.4260733053577302,-0.41560827986427723,0.07486299817547955,-0.2667449080735446,2.065624571735811,0.42607330535773025,-0.04675506535676875
1.0,0.4721545682355857,0.7617394000445604,-0.7515015680293455,-0.49674263633520194,-0.4260733053577302,-0.3677971416174581,0.49984126193384903,-0.08568169774483554,0.28034472580614317,0.42607330535773025,1.235669584428891
1.0,0.4721545682355857,-1.312784923481051,-0.7515015680293455,-0.49674263633520194,-0.4260733053577302,-0.20464779357934307,-0.5900223499626146,-0.5900720693748107,0.28034472580614317,-2.3470139701908863,-0.04675506535676875
1.0,0.4721545682355857,0.7617394000445604,-0.7515015680293455,2.013114894621608,-0.4260733053577302,-0.6150678050589112,0.8133439030255495,0.7420358351864059,0.28034472580614317,-2.3470139701908863,-0.04675506535676875
1.0,0.4721545682355857,0.7617394000445604,-0.7515015680293455,-0.49674263633520194,-0.4260733053577302,-0.28055413677532404,0.13150271584106868,-0.30554416742969653,0.28034472580614317,0.42607330535773025,-1.3291797151424285
1.0,0.4721545682355857,0.7617394000445604,1.2318427764604738,-0.49674263633520194,-0.4260733053577302,1.0425492869416346,-0.5900223499626146,0.5609726248576968,-2.3975750430883584,0.42607330535773025,1.235669584428891
1.0,0.4721545682355857,-1.312784923481051,-0.7515015680293455,-0.49674263633520194,-0.4260733053577302,0.6730398370547055,-0.5900223499626146,0.5609726248576968,0.28034472580614317,0.42607330535773025,-1.3291797151424285
1.0,0.4721545682355857,0.7617394000445604,0.24017060421556405,-0.49674263633520194,2.3470139701908863,-0.5312750885438673,-0.5900223499626146,-1.0039308358404315,-0.6122951971586907,-2.3470139701908863,-1.3291797151424285
1.0,0.4721545682355857,-1.312784923481051,-0.7515015680293455,-0.49674263633520194,-0.4260733053577302,2.4351513755328353,-0.5900223499626146,4.3503669553085365,0.28034472580614317,0.42607330535773025,-1.3291797151424285
1.0,0.4721545682355857,0.7617394000445604,0.24017060421556405,-0.49674263633520194,-0.4260733053577302,-0.375683514936521,0.3418272725228424,0.3411101551728358,0.28034472580614317,0.42607330535773025,-0.04675506535676875
1.0,0.4721545682355857,0.7617394000445604,-0.7515015680293455,-0.49674263633520194,2.3470139701908863,-0.48182095585557666,0.4969551616706343,0.5739057113097474,0.28034472580614317,0.42607330535773025,1.235669584428891
1.0,-2.1179504917996277,0.7617394000445604,0.24017060421556405,-0.49674263633520194,-0.4260733053577302,-0.34265932666294485,-0.2606461574232332,-0.4995404642104562,-3.825798919832093,0.42607330535773025,-0.04675506535676875
1.0,0.4721545682355857,0.7617394000445604,1.2318427764604738,-0.49674263633520194,-0.4260733053577302,0.9866874759316052,-0.18380373791514093,1.0524299100356214,0.28034472580614317,0.42607330535773025,1.235669584428891
1.0,0.4721545682355857,0.7617394000445604,2.2235149487053834,-0.49674263633520194,-0.4260733053577302,-0.11839058540209196,-0.5900223499626146,-0.5642058964707095,0.28034472580614317,0.42607330535773025,-0.04675506535676875
1.0,0.4721545682355857,0.7617394000445604,2.2235149487053834,-0.49674263633520194,-0.4260733053577302,-0.32557218447164177,-0.13906918383531255,-0.20207947581329136,0.28034472580614317,-2.3470139701908863,-0.04675506535676875
1.0,0.4721545682355857,0.7617394000445604,-0.7515015680293455,-0.49674263633520194,-0.4260733053577302,0.06858218203735904,-0.5900223499626146,-0.07274861129278488,0.28034472580614317,0.42607330535773025,-1.3291797151424285
1.0,0.4721545682355857,0.7617394000445604,2.2235149487053834,-0.49674263633520194,-0.4260733053577302,-0.17720978640676988,0.06331859712262061,0.21177929065232934,0.28034472580614317,-2.3470139701908863,1.235669584428891
1.0,0.4721545682355857,-1.312784923481051,-0.7515015680293455,-0.49674263633520194,-0.4260733053577302,-0.21006967523619885,-0.5900223499626146,-0.2796779945255952,0.28034472580614317,0.42607330535773025,-0.04675506535676875
1.0,0.4721545682355857,-1.312784923481051,-0.7515015680293455,-0.49674263633520194,2.3470139701908863,0.28841483830623904,-0.5900223499626146,-0.20207947581329136,0.28034472580614317,0.42607330535773025,1.235669584428891
1.0,0.4721545682355857,0.7617394000445604,1.2318427764604738,-0.49674263633520194,2.3470139701908863,1.9861209946786882,-0.5900223499626146,3.3157200391444848,0.28034472580614317,0.42607330535773025,-1.3291797151424285
1.0,0.4721545682355857,0.7617394000445604,1.2318427764604738,-0.49674263633520194,-0.4260733053577302,-0.16620172364891114,-0.5900223499626146,-0.21501256226534202,0.28034472580614317,-2.3470139701908863,-0.04675506535676875
1.0,0.4721545682355857,-1.312784923481051,-0.7515015680293455,-0.49674263633520194,-0.4260733053577302,-0.3544888866415393,-0.5900223499626146,-1.2108602190732418,0.28034472580614317,0.42607330535773025,1.235669584428891
1.0,0.4721545682355857,-1.312784923481051,-0.7515015680293455,-0.49674263633520194,-0.4260733053577302,0.5485008583911696,0.9132751246393596,2.125876085555825,0.28034472580614317,0.42607330535773025,-1.3291797151424285
1.0,0.4721545682355857,0.7617394000445604,-0.7515015680293455,-0.49674263633520194,-0.4260733053577302,-0.39375645379270696,0.19932607202661493,0.12124768548797482,0.28034472580614317,0.42607330535773025,-1.3291797151424285
1.0,0.4721545682355857,0.7617394000445604,-0.7515015680293455,-0.49674263633520194,-0.4260733053577302,-0.3689472377264881,0.15459151794678655,-0.5124735506625069,0.28034472580614317,-2.3470139701908863,1.235669584428891
1.0,0.4721545682355857,-1.312784923481051,-0.7515015680293455,-0.49674263633520194,-0.4260733053577302,-0.5726785484689478,0.07774909843869428,-1.2108602190732418,0.28034472580614317,0.42607330535773025,-0.04675506535676875
1.0,-2.1179504917996277,-1.312784923481051,-0.7515015680293455,-0.49674263633520194,-0.4260733053577302,-0.4098577993191272,-0.5900223499626146,-0.7711352797035198,0.28034472580614317,0.42607330535773025,-0.04675506535676875
1.0,-2.1179504917996277,-1.312784923481051,-0.7515015680293455,-0.49674263633520194,-0.4260733053577302,-0.39704244267564986,-0.5900223499626146,-1.0815293545527354,0.28034472580614317,0.42607330535773025,1.235669584428891
1.0,0.4721545682355857,0.7617394000445604,1.2318427764604738,-0.49674263633520194,2.3470139701908863,1.8259290366352219,-0.22420914160014718,0.08244842613182288,0.28034472580614317,0.42607330535773025,-1.3291797151424285
1.0,0.4721545682355857,-1.312784923481051,1.2318427764604738,-0.49674263633520194,-0.4260733053577302,0.019785247125656977,1.0868019029651454,0.23764546355643063,0.28034472580614317,0.42607330535773025,-1.3291797151424285
1.0,0.4721545682355857,0.7617394000445604,0.24017060421556405,2.013114894621608,-0.4260733053577302,-0.020796715578687838,-0.07413192791298105,0.22471237710438,0.28034472580614317,-2.3470139701908863,-0.04675506535676875
1.0,-2.1179504917996277,-1.312784923481051,-0.7515015680293455,-0.49674263633520194,-0.4260733053577302,-0.23192150130776915,0.23071241238907514,0.004849907419518993,0.28034472580614317,0.42607330535773025,-0.04675506535676875
1.0,-2.1179504917996277,-1.312784923481051,1.2318427764604738,-0.49674263633520194,-0.4260733053577302,-0.32606508280408325,-0.5900223499626146,-0.07274861129278488,0.28034472580614317,0.42607330535773025,1.235669584428891
1.0,0.4721545682355857,-1.312784923481051,-0.7515015680293455,2.013114894621608,-0.4260733053577302,-0.5058086747010598,-0.06655591472204238,-0.5383397235666082,2.065624571735811,-2.3470139701908863,1.235669584428891
1.0,0.4721545682355857,0.7617394000445604,1.2318427764604738,2.013114894621608,-0.4260733053577302,-0.5097518613605914,-0.13726537117080334,-0.2408787351694433,0.28034472580614317,-2.3470139701908863,-1.3291797151424285
1.0,0.4721545682355857,-1.312784923481051,-0.7515015680293455,-0.49674263633520194,-0.4260733053577302,-0.3702616332796652,0.511385662986708,-0.7064698474432666,0.28034472580614317,0.42607330535773025,-1.3291797151424285
1.0,-2.1179504917996277,0.7617394000445604,-0.7515015680293455,-0.49674263633520194,-0.4260733053577302,-0.4910217247278168,-0.4078372708471846,-0.17621330290919007,0.28034472580614317,0.42607330535773025,-0.04675506535676875
1.0,0.4721545682355857,0.7617394000445604,1.2318427764604738,-0.49674263633520194,-0.4260733053577302,0.4799879901818101,0.5525125917375179,0.2764447229125826,0.28034472580614317,0.42607330535773025,-1.3291797151424285
1.0,0.4721545682355857,0.7617394000445604,2.2235149487053834,-0.49674263633520194,2.3470139701908863,-0.02391840501748359,0.04997038340525248,0.5609726248576968,0.28034472580614317,0.42607330535773025,-0.04675506535676875
1.0,-2.1179504917996277,0.7617394000445604,1.2318427764604738,-0.49674263633520194,-0.4260733053577302,1.5533562587951082,-0.5900223499626146,-0.9521984900322289,0.28034472580614317,0.42607330535773025,1.235669584428891
1.0,0.4721545682355857,0.7617394000445604,-0.7515015680293455,2.013114894621608,-0.4260733053577302,-0.5933802784314881,0.4684549215713888,-0.6547375016350641,0.28034472580614317,-2.3470139701908863,1.235669584428891
1.0,0.4721545682355857,0.7617394000445604,0.24017060421556405,2.013114894621608,-0.4260733053577302,-0.5674209662562392,0.28879518018627165,-0.16328021645713942,0.28034472580614317,0.42607330535773025,-1.3291797151424285
1.0,0.4721545682355857,0.7617394000445604,2.2235149487053834,-0.49674263633520194,-0.4260733053577302,-0.3903061654656169,0.3133270324235969,0.18591311774822805,0.28034472580614317,-2.3470139701908863,-0.04675506535676875
1.0,0.4721545682355857,-1.312784923481051,0.24017060421556405,-0.49674263633520194,-0.4260733053577302,5.308091455889813,-0.5900223499626146,0.10831459903592416,0.28034472580614317,0.42607330535773025,-0.04675506535676875
1.0,-2.1179504917996277,-1.312784923481051,0.24017060421556405,2.013114894621608,-0.4260733053577302,-0.1323560381545993,-0.5900223499626146,-0.8099345390596717,0.28034472580614317,0.42607330535773025,-1.3291797151424285
1.0,0.4721545682355857,0.7617394000445604,1.2318427764604738,2.013114894621608,-0.4260733053577302,-0.24555835517198218,-0.5900223499626146,-0.25381182162149396,0.28034472580614317,0.42607330535773025,-0.04675506535676875
1.0,0.4721545682355857,-1.312784923481051,-0.7515015680293455,-0.49674263633520194,-0.4260733053577302,-0.2552520223766637,-0.5900223499626146,-0.874599971319925,0.28034472580614317,0.42607330535773025,-0.04675506535676875
1.0,0.4721545682355857,0.7617394000445604,1.2318427764604738,-0.49674263633520194,-0.4260733053577302,0.13775224802330707,0.021470143306006984,0.8584336132548617,0.28034472580614317,0.42607330535773025,-0.04675506535676875
1.0,0.4721545682355857,-1.312784923481051,1.2318427764604738,-0.49674263633520194,-0.4260733053577302,-0.30634914950642583,-0.5900223499626146,-0.8228676255117224,0.28034472580614317,-2.3470139701908863,-1.3291797151424285
1.0,0.4721545682355857,0.7617394000445604,0.24017060421556405,-0.49674263633520194,-0.4260733053577302,-0.3444666205485635,-0.5900223499626146,-0.615938242278912,0.28034472580614317,0.42607330535773025,-0.04675506535676875
1.0,0.4721545682355857,0.7617394000445604,2.2235149487053834,-0.49674263633520194,-0.4260733053577302,-0.45109695980006054,0.16144600607192156,-0.6288713287309627,0.28034472580614317,0.42607330535773025,-1.3291797151424285
1.0,0.4721545682355857,0.7617394000445604,1.2318427764604738,-0.49674263633520194,-0.4260733053577302,-0.38422708603217254,2.3343187417397138,0.7291027487343552,0.28034472580614317,0.42607330535773025,1.235669584428891
1.0,0.4721545682355857,0.7617394000445604,0.24017060421556405,2.013114894621608,-0.4260733053577302,-0.45323285257397344,-0.04887855060985214,-0.3960757725940511,-2.3975750430883584,-2.3470139701908863,-1.3291797151424285
1.0,0.4721545682355857,-1.312784923481051,-0.7515015680293455,-0.49674263633520194,-0.4260733053577302,1.5752080848666785,-0.5900223499626146,1.2722923797204824,0.28034472580614317,-2.3470139701908863,-0.04675506535676875
1.0,0.4721545682355857,-1.312784923481051,-0.7515015680293455,-0.49674263633520194,-0.4260733053577302,-0.09341706989172592,0.7830398502617948,0.09538151258387352,0.28034472580614317,0.42607330535773025,-0.04675506535676875
1.0,-2.1179504917996277,-1.312784923481051,-0.7515015680293455,-0.49674263633520194,-0.4260733053577302,-0.3820911932582597,-0.5900223499626146,-0.30554416742969653,0.28034472580614317,0.42607330535773025,-0.04675506535676875
1.0,0.4721545682355857,0.7617394000445604,1.2318427764604738,-0.49674263633520194,-0.4260733053577302,-0.08980248212048873,1.4389061350773429,0.8325674403507604,0.28034472580614317,0.42607330535773025,-0.04675506535676875
1.0,0.4721545682355857,0.7617394000445604,2.2235149487053834,2.013114894621608,2.3470139701908863,0.047880452074818766,-0.5900223499626146,-0.17621330290919007,0.28034472580614317,0.42607330535773025,-1.3291797151424285
1.0,0.4721545682355857,0.7617394000445604,2.2235149487053834,-0.49674263633520194,-0.4260733053577302,0.1633829613102617,-0.5900223499626146,0.08244842613182288,0.28034472580614317,0.42607330535773025,-0.04675506535676875
1.0,0.4721545682355857,-1.312784923481051,-0.7515015680293455,2.013114894621608,-0.4260733053577302,-0.5036727819271469,-0.012802297319667975,-0.15034713000508876,0.28034472580614317,0.42607330535773025,-0.04675506535676875
1.0,0.4721545682355857,0.7617394000445604,0.24017060421556405,2.013114894621608,-0.4260733053577302,-0.4519184570207963,1.971752396173363,1.7508165784463563,-2.3975750430883584,0.42607330535773025,-0.04675506535676875
1.0,0.4721545682355857,0.7617394000445604,-0.7515015680293455,-0.49674263633520194,-0.4260733053577302,2.3525087551268213,1.3097531482984837,5.514344735993094,0.28034472580614317,0.42607330535773025,-1.3291797151424285
1.0,0.4721545682355857,0.7617394000445604,-0.7515015680293455,2.013114894621608,-0.4260733053577302,-0.5330823824294859,0.27580772900180534,-0.37020959968994976,0.28034472580614317,0.42607330535773025,1.235669584428891
1.0,0.4721545682355857,0.7617394000445604,0.24017060421556405,-0.49674263633520194,-0.4260733053577302,-0.3277080772455547,0.04131208261560827,0.5480395384056461,0.28034472580614317,0.42607330535773025,1.235669584428891
1.0,0.4721545682355857,0.7617394000445604,-0.7515015680293455,-0.49674263633520194,-0.4260733053577302,-0.5919015834341638,0.08388206149802559,-0.693536760991216,0.28034472580614317,0.42607330535773025,1.235669584428891
1.0,0.4721545682355857,0.7617394000445604,-0.7515015680293455,-0.49674263633520194,-0.4260733053577302,0.025700027114954196,0.1827309955131302,0.40577558743308906,0.28034472580614317,0.42607330535773025,-1.3291797151424285
1.0,0.4721545682355857,0.7617394000445604,-0.7515015680293455,-0.49674263633520194,-0.4260733053577302,0.6434659371082193,-0.5900223499626146,0.5739057113097474,-2.3975750430883584,0.42607330535773025,-1.3291797151424285
1.0,0.4721545682355857,-1.312784923481051,-0.7515015680293455,-0.49674263633520194,-0.4260733053577302,-0.32754377780140753,-0.5900223499626146,-0.21501256226534202,0.28034472580614317,0.42607330535773025,-0.04675506535676875
1.0,-2.1179504917996277,-1.312784923481051,-0.7515015680293455,-0.49674263633520194,-0.4260733053577302,-0.4772205714194566,-0.5900223499626146,-1.133261700360938,0.28034472580614317,0.42607330535773025,-1.3291797151424285
1.0,0.4721545682355857,-1.312784923481051,-0.7515015680293455,2.013114894621608,-0.4260733053577302,-0.08651649323754583,-0.5900223499626146,-1.236726391977343,0.28034472580614317,0.42607330535773025,-1.3291797151424285
1.0,0.4721545682355857,0.7617394000445604,-0.7515015680293455,2.013114894621608,-0.4260733053577302,-0.4647338136642736,0.260655702619928,-0.30554416742969653,0.28034472580614317,0.42607330535773025,1.235669584428891
1.0,-2.1179504917996277,-1.312784923481051,-0.7515015680293455,-0.49674263633520194,-0.4260733053577302,-0.5380113657539003,2.6496251954959233,-0.08568169774483554,0.28034472580614317,-2.3470139701908863,-0.04675506535676875
1.0,0.4721545682355857,-1.312784923481051,1.2318427764604738,-0.49674263633520194,-0.4260733053577302,-0.2996128722963929,-0.5900223499626146,-0.434875031950203,0.28034472580614317,-2.3470139701908863,-1.3291797151424285
1.0,0.4721545682355857,-1.312784923481051,-0.7515015680293455,-0.49674263633520194,-0.4260733053577302,0.5182697606680948,-0.5900223499626146,0.8584336132548617,0.28034472580614317,0.42607330535773025,1.235669584428891
1.0,0.4721545682355857,0.7617394000445604,1.2318427764604738,-0.49674263633520194,-0.4260733053577302,-0.37009733383551807,-0.4237108222948656,-0.4607412048543043,-3.825798919832093,0.42607330535773025,1.235669584428891
1.0,0.4721545682355857,0.7617394000445604,-0.7515015680293455,2.013114894621608,-0.4260733053577302,-0.583029413450218,-0.21446855321179747,-0.5900720693748107,0.28034472580614317,0.42607330535773025,-0.04675506535676875
1.0,0.4721545682355857,0.7617394000445604,1.2318427764604738,-0.49674263633520194,-0.4260733053577302,-0.2550877229325166,-0.5900223499626146,-0.615938242278912,0.28034472580614317,0.42607330535773025,-0.04675506535676875
1.0,0.4721545682355857,-1.312784923481051,-0.7515015680293455,-0.49674263633520194,-0.4260733053577302,-0.5582201973839991,0.10588857600503793,-0.9004661442240263,0.28034472580614317,0.42607330535773025,1.235669584428891
1.0,-2.1179504917996277,0.7617394000445604,-0.7515015680293455,-0.49674263633520194,-0.4260733053577302,-0.2935337928629485,-0.5900223499626146,-0.4607412048543043,0.28034472580614317,0.42607330535773025,-0.04675506535676875
1.0,-2.1179504917996277,-1.312784923481051,-0.7515015680293455,-0.49674263633520194,-0.4260733053577302,-0.06762205716062415,-0.5900223499626146,-0.15034713000508876,0.28034472580614317,0.42607330535773025,-1.3291797151424285
1.0,0.4721545682355857,0.7617394000445604,2.2235149487053834,2.013114894621608,-0.4260733053577302,-0.4049288159947128,0.010286504786049892,-0.9521984900322289,-2.3975750430883584,-2.3470139701908863,1.235669584428891
1.0,0.4721545682355857,0.7617394000445604,-0.7515015680293455,-0.49674263633520194,-0.4260733053577302,0.11852921305809111,0.819116103551979,2.3328054687886355,0.28034472580614317,0.42607330535773025,1.235669584428891
1.0,-2.1179504917996277,-1.312784923481051,-0.7515015680293455,-0.49674263633520194,-0.4260733053577302,-0.20563359024422595,-0.5900223499626146,-0.9392654035801783,0.28034472580614317,0.42607330535773025,-0.04675506535676875
1.0,0.4721545682355857,-1.312784923481051,-0.7515015680293455,-0.49674263633520194,-0.4260733053577302,-0.442553388704409,-0.5900223499626146,-0.9521984900322289,0.28034472580614317,0.42607330535773025,-0.04675506535676875
1.0,0.4721545682355857,-1.312784923481051,-0.7515015680293455,2.013114894621608,-0.4260733053577302,-0.28269002954923694,-0.5900223499626146,-0.434875031950203,0.28034472580614317,0.42607330535773025,-1.3291797151424285
1.0,0.4721545682355857,0.7617394000445604,-0.7515015680293455,-0.49674263633520194,-0.4260733053577302,-0.13613492536998362,1.4392668976102447,1.4404225035971407,0.28034472580614317,0.42607330535773025,-0.04675506535676875
1.0,-2.1179504917996277,-1.312784923481051,0.24017060421556405,-0.49674263633520194,-0.4260733053577302,-0.2628097968074324,-0.5900223499626146,-0.40900885904610174,0.28034472580614317,0.42607330535773025,-1.3291797151424285
1.0,0.4721545682355857,0.7617394000445604,2.2235149487053834,-0.49674263633520194,-0.4260733053577302,-0.02654719612383791,-0.5900223499626146,-0.6418044151830133,0.28034472580614317,0.42607330535773025,1.235669584428891
1.0,0.4721545682355857,-1.312784923481051,-0.7515015680293455,2.013114894621608,-0.4260733053577302,-0.4082148048776557,0.2776115416663146,-0.42194194549815234,0.28034472580614317,0.42607330535773025,-0.04675506535676875
1.0,0.4721545682355857,0.7617394000445604,1.2318427764604738,-0.49674263633520194,-0.4260733053577302,-0.003380974499090468,-0.5900223499626146,-0.17621330290919007,0.28034472580614317,0.42607330535773025,1.235669584428891
1.0,-2.1179504917996277,-1.312784923481051,-0.7515015680293455,-0.49674263633520194,2.3470139701908863,1.7000756624185087,-0.5900223499626146,-1.1461947868129887,0.28034472580614317,0.42607330535773025,-0.04675506535676875
1.0,0.4721545682355857,-1.312784923481051,-0.7515015680293455,-0.49674263633520194,-0.4260733053577302,0.17882710906009333,-0.5900223499626146,-0.4995404642104562,0.28034472580614317,-2.3470139701908863,-1.3291797151424285
1.0,0.4721545682355857,0.7617394000445604,1.2318427764604738,-0.49674263633520194,2.3470139701908863,0.6426444398874837,2.250261071573585,3.057058310103472,-0.6122951971586907,0.42607330535773025,-1.3291797151424285
1.0,0.4721545682355857,0.7617394000445604,1.2318427764604738,-0.49674263633520194,2.3470139701908863,-0.13613492536998362,0.16144600607192156,0.21177929065232934,0.28034472580614317,0.42607330535773025,-0.04675506535676875
1.0,0.4721545682355857,0.7617394000445604,-0.7515015680293455,-0.49674263633520194,-0.4260733053577302,-0.4343384164970518,0.11346458919597661,0.1471138583920761,0.28034472580614317,0.42607330535773025,-1.3291797151424285
1.0,0.4721545682355857,0.7617394000445604,0.24017060421556405,-0.49674263633520194,-0.4260733053577302,-0.3815982949258182,-0.1282463078482573,-0.2926110809776459,0.28034472580614317,-2.3470139701908863,-0.04675506535676875
1.0,0.4721545682355857,0.7617394000445604,-0.7515015680293455,-0.49674263633520194,-0.4260733053577302,-0.09768885543955169,-0.2570385320942148,-0.30554416742969653,-2.3975750430883584,0.42607330535773025,1.235669584428891
1.0,0.4721545682355857,0.7617394000445604,1.2318427764604738,-0.49674263633520194,-0.4260733053577302,-0.5110662569137685,-0.234382649429282,-0.8487337984158237,-2.3975750430883584,0.42607330535773025,1.235669584428891
1.0,-2.1179504917996277,0.7617394000445604,1.2318427764604738,-0.49674263633520194,-0.4260733053577302,-0.5554271068334976,-0.0012578962668090422,-0.3960757725940511,2.065624571735811,0.42607330535773025,-0.04675506535676875
1.0,0.4721545682355857,0.7617394000445604,-0.7515015680293455,-0.49674263633520194,-0.4260733053577302,-0.3792981027077582,-0.12103105719022048,-0.8228676255117224,0.28034472580614317,0.42607330535773025,1.235669584428891
1.0,0.4721545682355857,0.7617394000445604,-0.7515015680293455,-0.49674263633520194,-0.4260733053577302,-0.48839293362146247,0.6123991721992237,-0.1891463893612407,0.28034472580614317,0.42607330535773025,-1.3291797151424285
1.0,-2.1179504917996277,-1.312784923481051,-0.7515015680293455,2.013114894621608,-0.4260733053577302,-0.33050116779605615,-0.5900223499626146,-0.6288713287309627,0.28034472580614317,0.42607330535773025,-1.3291797151424285
1.0,0.4721545682355857,0.7617394000445604,2.2235149487053834,-0.49674263633520194,-0.4260733053577302,-0.040184049988050946,0.5525125917375179,0.7291027487343552,0.28034472580614317,0.42607330535773025,-0.04675506535676875
1.0,-2.1179504917996277,-1.312784923481051,-0.7515015680293455,2.013114894621608,-0.4260733053577302,-0.5255246079987173,-0.5900223499626146,-1.0039308358404315,0.28034472580614317,0.42607330535773025,-1.3291797151424285
1.0,0.4721545682355857,0.7617394000445604,1.2318427764604738,-0.49674263633520194,-0.4260733053577302,0.3567634070714513,-0.5900223499626146,0.5609726248576968,0.28034472580614317,0.42607330535773025,1.235669584428891
1.0,0.4721545682355857,0.7617394000445604,1.2318427764604738,-0.49674263633520194,-0.4260733053577302,-0.06762205716062415,0.7328938581884388,1.1946938610081785,0.28034472580614317,0.42607330535773025,-0.04675506535676875
1.0,0.4721545682355857,-1.312784923481051,-0.7515015680293455,-0.49674263633520194,2.3470139701908863,0.8222237323403131,-0.5900223499626146,0.5609726248576968,0.28034472580614317,-2.3470139701908863,1.235669584428891
1.0,0.4721545682355857,0.7617394000445604,2.2235149487053834,-0.49674263633520194,-0.4260733053577302,0.047880452074818766,-0.5900223499626146,-0.20207947581329136,0.28034472580614317,0.42607330535773025,1.235669584428891
1.0,0.4721545682355857,0.7617394000445604,-0.7515015680293455,-0.49674263633520194,-0.4260733053577302,-0.4811637580789881,0.29961805617332693,-0.693536760991216,-2.3975750430883584,-2.3470139701908863,-1.3291797151424285
1.0,0.4721545682355857,-1.312784923481051,-0.7515015680293455,-0.49674263633520194,-0.4260733053577302,-0.47409888198066086,0.05321724620136905,0.01778299387156964,0.28034472580614317,0.42607330535773025,-1.3291797151424285
1.0,0.4721545682355857,0.7617394000445604,0.24017060421556405,-0.49674263633520194,-0.4260733053577302,-0.6364267327980401,-0.07593574057749027,-1.4695219481142547,0.28034472580614317,0.42607330535773025,1.235669584428891
1.0,0.4721545682355857,0.7617394000445604,0.24017060421556405,-0.49674263633520194,-0.4260733053577302,-0.47984936252581095,0.15098389261776815,-0.5124735506625069,0.28034472580614317,0.42607330535773025,-0.04675506535676875
1.0,-2.1179504917996277,-1.312784923481051,-0.7515015680293455,-0.49674263633520194,-0.4260733053577302,0.09667738698652083,-0.5900223499626146,0.16004694484412677,0.28034472580614317,0.42607330535773025,1.235669584428891
1.0,0.4721545682355857,-1.312784923481051,-0.7515015680293455,-0.49674263633520194,2.3470139701908863,0.27494228388617314,-0.5900223499626146,-0.7711352797035198,0.28034472580614317,0.42607330535773025,-0.04675506535676875
1.0,0.4721545682355857,0.7617394000445604,0.24017060421556405,-0.49674263633520194,-0.4260733053577302,0.4745661085249543,-0.5900223499626146,0.10831459903592416,-0.6122951971586907,-2.3470139701908863,-0.04675506535676875
1.0,0.4721545682355857,0.7617394000445604,-0.7515015680293455,-0.49674263633520194,-0.4260733053577302,-0.39622094545491415,0.6423424624300765,-1.133261700360938,-2.3975750430883584,0.42607330535773025,-0.04675506535676875
1.0,0.4721545682355857,-1.312784923481051,2.2235149487053834,2.013114894621608,-0.4260733053577302,-0.11576179429573764,0.1289773781107558,0.056582253227721584,0.28034472580614317,0.42607330535773025,-0.04675506535676875
1.0,0.4721545682355857,0.7617394000445604,-0.7515015680293455,-0.49674263633520194,-0.4260733053577302,-0.4975937024937026,0.6127599347321254,0.3669763280769371,0.28034472580614317,0.42607330535773025,-0.04675506535676875
1.0,-2.1179504917996277,-1.312784923481051,-0.7515015680293455,2.013114894621608,-0.4260733053577302,-0.1744166958562684,-0.5900223499626146,0.13418077194002545,0.28034472580614317,0.42607330535773025,-1.3291797151424285
1.0,-2.1179504917996277,-1.312784923481051,-0.7515015680293455,-0.49674263633520194,-0.4260733053577302,0.7538751635751008,-0.5900223499626146,0.9101659590630643,0.28034472580614317,0.42607330535773025,-0.04675506535676875
1.0,0.4721545682355857,0.7617394000445604,1.2318427764604738,-0.49674263633520194,-0.4260733053577302,-0.5531269146154376,-0.0059478091945329836,-0.5512728100186588,0.28034472580614317,0.42607330535773025,-1.3291797151424285
1.0,0.4721545682355857,-1.312784923481051,-0.7515015680293455,2.013114894621608,2.3470139701908863,-0.4647338136642736,0.19175005883567625,-0.5124735506625069,0.28034472580614317,0.42607330535773025,-1.3291797151424285
1.0,-2.1179504917996277,-1.312784923481051,-0.7515015680293455,-0.49674263633520194,-0.4260733053577302,-0.4783706675284866,-0.5900223499626146,-0.9909977493883808,0.28034472580614317,0.42607330535773025,1.235669584428891
1.0,0.4721545682355857,0.7617394000445604,1.2318427764604738,-0.49674263633520194,-0.4260733053577302,-0.3710831305004009,-0.027232798635741642,-0.12448095710098747,0.28034472580614317,0.42607330535773025,1.235669584428891
1.0,0.4721545682355857,-1.312784923481051,-0.7515015680293455,-0.49674263633520194,-0.4260733053577302,0.14218833301528,-0.5900223499626146,-0.33141034033379785,0.28034472580614317,-2.3470139701908863,-1.3291797151424285
1.0,0.4721545682355857,0.7617394000445604,2.2235149487053834,-0.49674263633520194,-0.4260733053577302,5.6826941885453035,-0.5900223499626146,5.902337329554614,-2.3975750430883584,-2.3470139701908863,-0.04675506535676875
1.0,0.4721545682355857,-1.312784923481051,-0.7515015680293455,2.013114894621608,-0.4260733053577302,-0.44271768814855617,-0.5900223499626146,-1.0815293545527354,-2.3975750430883584,0.42607330535773025,1.235669584428891
1.0,-2.1179504917996277,-1.312784923481051,-0.7515015680293455,-0.49674263633520194,-0.4260733053577302,-0.5915729845458695,0.011008029851853575,-1.1591278732650392,0.28034472580614317,0.42607330535773025,1.235669584428891
1.0,0.4721545682355857,0.7617394000445604,0.24017060421556405,-0.49674263633520194,2.3470139701908863,-0.4134723870903644,-0.5900223499626146,-0.6288713287309627,0.28034472580614317,0.42607330535773025,-0.04675506535676875
1.0,-2.1179504917996277,-1.312784923481051,0.24017060421556405,-0.49674263633520194,-0.4260733053577302,-0.46194072311377216,-0.5900223499626146,0.21177929065232934,0.28034472580614317,0.42607330535773025,1.235669584428891
1.0,0.4721545682355857,0.7617394000445604,-0.7515015680293455,-0.49674263633520194,-0.4260733053577302,0.6426444398874837,-0.5900223499626146,-0.8875330577719757,-2.3975750430883584,0.42607330535773025,1.235669584428891
1.0,0.4721545682355857,0.7617394000445604,0.24017060421556405,-0.49674263633520194,-0.4260733053577302,0.15007470633434294,-0.5900223499626146,0.40577558743308906,0.28034472580614317,0.42607330535773025,-0.04675506535676875
1.0,0.4721545682355857,-1.312784923481051,-0.7515015680293455,2.013114894621608,-0.4260733053577302,-0.2979698778549214,-0.12572097011794442,-0.5642058964707095,0.28034472580614317,0.42607330535773025,-1.3291797151424285
1.0,0.4721545682355857,-1.312784923481051,-0.7515015680293455,-0.49674263633520194,2.3470139701908863,0.2527618589263086,-0.5900223499626146,0.40577558743308906,-2.3975750430883584,0.42607330535773025,-0.04675506535676875
1.0,0.4721545682355857,0.7617394000445604,-0.7515015680293455,-0.49674263633520194,-0.4260733053577302,-0.27989693899873547,0.3367765970622166,0.37990941452898774,0.28034472580614317,0.42607330535773025,1.235669584428891
1.0,-2.1179504917996277,-1.312784923481051,-0.7515015680293455,-0.49674263633520194,2.3470139701908863,0.33343288600255677,-0.5900223499626146,0.6515042300220514,0.28034472580614317,0.42607330535773025,-1.3291797151424285
1.0,0.4721545682355857,0.7617394000445604,-0.7515015680293455,-0.49674263633520194,-0.4260733053577302,0.04870194929555449,1.4392668976102447,0.5609726248576968,0.28034472580614317,0.42607330535773025,-0.04675506535676875
1.0,0.4721545682355857,0.7617394000445604,-0.7515015680293455,2.013114894621608,-0.4260733053577302,-0.2624811979191381,-0.05501151366918345,-0.25381182162149396,-0.6122951971586907,0.42607330535773025,-0.04675506535676875
1.0,0.4721545682355857,0.7617394000445604,-0.7515015680293455,-0.49674263633520194,-0.4260733053577302,-0.33608734889705905,0.20365522242143702,-0.11154787064893683,0.28034472580614317,0.42607330535773025,-1.3291797151424285
1.0,0.4721545682355857,0.7617394000445604,1.2318427764604738,-0.49674263633520194,-0.4260733053577302,0.5565515311543796,-0.5900223499626146,1.4792217629532927,0.28034472580614317,-2.3470139701908863,1.235669584428891
1.0,-2.1179504917996277,0.7617394000445604,1.2318427764604738,-0.49674263633520194,-0.4260733053577302,-0.6627146438615833,0.08857197442574953,0.30231089581668386,0.28034472580614317,0.42607330535773025,1.235669584428891
1.0,0.4721545682355857,-1.312784923481051,-0.7515015680293455,2.013114894621608,-0.4260733053577302,0.13216606692230415,-0.5900223499626146,-0.13741404355303813,0.28034472580614317,0.42607330535773025,-1.3291797151424285
1.0,0.4721545682355857,0.7617394000445604,2.2235149487053834,2.013114894621608,-0.4260733053577302,-0.5488551290676118,-0.31800740015462603,-0.6418044151830133,2.065624571735811,0.42607330535773025,-0.04675506535676875
1.0,-2.1179504917996277,-1.312784923481051,-0.7515015680293455,-0.49674263633520194,-0.4260733053577302,-0.27102476901478967,0.011008029851853575,-0.11154787064893683,0.28034472580614317,0.42607330535773025,-1.3291797151424285
1.0,0.4721545682355857,0.7617394000445604,0.24017060421556405,2.013114894621608,-0.4260733053577302,-0.4767276730870152,0.12536975278173737,-0.0468824383886836,-2.3975750430883584,0.42607330535773025,1.235669584428891
1.0,-2.1179504917996277,-1.312784923481051,-0.7515015680293455,2.013114894621608,-0.4260733053577302,-0.164887328095734,-0.5900223499626146,-0.30554416742969653,0.28034472580614317,0.42607330535773025,-0.04675506535676875
1.0,0.4721545682355857,0.7617394000445604,1.2318427764604738,-0.49674263633520194,-0.4260733053577302,-0.6756942999492077,-0.19823423923121458,-1.6376520719909131,-3.2902149660531927,0.42607330535773025,1.235669584428891
1.0,-2.1179504917996277,0.7617394000445604,-0.7515015680293455,-0.49674263633520194,-0.4260733053577302,-0.4545472481271506,0.6510007632197207,-0.30554416742969653,0.28034472580614317,-2.3470139701908863,1.235669584428891
1.0,0.4721545682355857,-1.312784923481051,-0.7515015680293455,-0.49674263633520194,-0.4260733053577302,-0.20464779357934307,2.011075512259664,0.5221733655015449,0.28034472580614317,0.42607330535773025,1.235669584428891
1.0,0.4721545682355857,0.7617394000445604,-0.7515015680293455,-0.49674263633520194,-0.4260733053577302,-0.8644743612742773,0.05935020926070036,-0.11154787064893683,0.28034472580614317,0.42607330535773025,-1.3291797151424285
1.0,0.4721545682355857,0.7617394000445604,0.24017060421556405,-0.49674263633520194,-0.4260733053577302,4.671759708707921,-0.5900223499626146,1.505087935857394,0.28034472580614317,0.42607330535773025,-0.04675506535676875
1.0,-2.1179504917996277,-1.312784923481051,-0.7515015680293455,2.013114894621608,2.3470139701908863,1.9471820264158148,-0.5900223499626146,1.0524299100356214,0.28034472580614317,0.42607330535773025,-0.04675506535676875
1.0,0.4721545682355857,0.7617394000445604,-0.7515015680293455,-0.49674263633520194,2.3470139701908863,0.7477960841416564,-0.5900223499626146,0.4704410196933423,0.28034472580614317,0.42607330535773025,-1.3291797151424285
1.0,0.4721545682355857,-1.312784923481051,0.24017060421556405,2.013114894621608,2.3470139701908863,-0.22321363076797046,0.2851875548572532,0.18591311774822805,0.28034472580614317,-2.3470139701908863,1.235669584428891
1.0,0.4721545682355857,0.7617394000445604,0.24017060421556405,-0.49674263633520194,2.3470139701908863,0.8381607784225862,0.7989134017094758,0.21177929065232934,-2.3975750430883584,-2.3470139701908863,1.235669584428891
1.0,0.4721545682355857,0.7617394000445604,-0.7515015680293455,-0.49674263633520194,-0.4260733053577302,0.0516593392902031,1.0676814887213477,1.4792217629532927,0.28034472580614317,0.42607330535773025,-0.04675506535676875
1.0,0.4721545682355857,0.7617394000445604,0.24017060421556405,-0.49674263633520194,-0.4260733053577302,-0.6221326811572385,0.06043249685940588,-0.615938242278912,0.28034472580614317,0.42607330535773025,1.235669584428891
1.0,0.4721545682355857,-1.312784923481051,-0.7515015680293455,-0.49674263633520194,-0.4260733053577302,-0.4783706675284866,-0.5900223499626146,-1.1461947868129887,0.28034472580614317,0.42607330535773025,-0.04675506535676875
1.0,0.4721545682355857,0.7617394000445604,-0.7515015680293455,-0.49674263633520194,-0.4260733053577302,-0.17720978640676988,0.29420661817979926,-0.434875031950203,0.28034472580614317,0.42607330535773025,1.235669584428891
1.0,0.4721545682355857,-1.312784923481051,-0.7515015680293455,-0.49674263633520194,2.3470139701908863,0.16239716464537882,-0.5900223499626146,0.7291027487343552,0.28034472580614317,0.42607330535773025,-1.3291797151424285
1.0,-2.1179504917996277,0.7617394000445604,0.24017060421556405,-0.49674263633520194,2.3470139701908863,1.0003243297958182,-0.5900223499626146,1.8413481836107108,0.28034472580614317,-2.3470139701908863,1.235669584428891
1.0,0.4721545682355857,0.7617394000445604,2.2235149487053834,2.013114894621608,-0.4260733053577302,-0.38061249826093535,-0.5900223499626146,-0.3960757725940511,0.28034472580614317,0.42607330535773025,-1.3291797151424285
1.0,-2.1179504917996277,-1.312784923481051,-0.7515015680293455,-0.49674263633520194,-0.4260733053577302,0.2938367199630948,-0.5900223499626146,-0.30554416742969653,0.28034472580614317,0.42607330535773025,-1.3291797151424285
1.0,0.4721545682355857,-1.312784923481051,-0.7515015680293455,-0.49674263633520194,2.3470139701908863,0.231731530075474,-0.5900223499626146,-0.03394935193663295,0.28034472580614317,0.42607330535773025,-1.3291797151424285
1.0,0.4721545682355857,0.7617394000445604,0.24017060421556405,-0.49674263633520194,2.3470139701908863,0.5346997050828094,1.2076573514872624,3.005325964295269,0.28034472580614317,-2.3470139701908863,-1.3291797151424285
1.0,0.4721545682355857,0.7617394000445604,0.24017060421556405,-0.49674263633520194,-0.4260733053577302,0.10735685085608525,0.13294576597267607,1.3757570713368876,0.28034472580614317,0.42607330535773025,-0.04675506535676875
1.0,0.4721545682355857,0.7617394000445604,1.2318427764604738,-0.49674263633520194,2.3470139701908863,0.0008908110487353017,0.923737238093513,1.5956195410217486,0.28034472580614317,0.42607330535773025,1.235669584428891
1.0,0.4721545682355857,0.7617394000445604,-0.7515015680293455,-0.49674263633520194,2.3470139701908863,0.06677488815174044,0.18922472110536337,0.5221733655015449,0.28034472580614317,0.42607330535773025,-0.04675506535676875
1.0,0.4721545682355857,0.7617394000445604,-0.7515015680293455,2.013114894621608,-0.4260733053577302,-0.4859284419592553,0.25163663929738195,0.48337410614539295,0.28034472580614317,-2.3470139701908863,1.235669584428891
1.0,0.4721545682355857,0.7617394000445604,2.2235149487053834,-0.49674263633520194,-0.4260733053577302,-0.23192150130776915,2.2058872800266585,1.8930805294189135,0.28034472580614317,0.42607330535773025,-0.04675506535676875
1.0,-2.1179504917996277,-1.312784923481051,-0.7515015680293455,-0.49674263633520194,2.3470139701908863,-0.46194072311377216,0.0294069190298475,-0.5771389829227601,-0.6122951971586907,0.42607330535773025,-0.04675506535676875
1.0,0.4721545682355857,0.7617394000445604,-0.7515015680293455,-0.49674263633520194,-0.4260733053577302,-0.26888887624087676,-0.5900223499626146,-0.434875031950203,0.28034472580614317,0.42607330535773025,-0.04675506535676875
1.0,0.4721545682355857,0.7617394000445604,-0.7515015680293455,-0.49674263633520194,-0.4260733053577302,0.9421623265677289,-0.5900223499626146,-0.09861478419688618,0.28034472580614317,0.42607330535773025,1.235669584428891
1.0,0.4721545682355857,0.7617394000445604,-0.7515015680293455,-0.49674263633520194,-0.4260733053577302,-0.2767752495599397,0.05033114593815432,-0.16328021645713942,0.28034472580614317,0.42607330535773025,-0.04675506535676875
1.0,0.4721545682355857,0.7617394000445604,-0.7515015680293455,-0.49674263633520194,2.3470139701908863,-0.3208075005913746,-0.5900223499626146,-1.534187380374508,-3.2902149660531927,0.42607330535773025,-0.04675506535676875
1.0,0.4721545682355857,0.7617394000445604,2.2235149487053834,-0.49674263633520194,-0.4260733053577302,0.5485008583911696,1.2123472644149864,-0.17621330290919007,0.28034472580614317,0.42607330535773025,-1.3291797151424285
1.0,0.4721545682355857,0.7617394000445604,-0.7515015680293455,-0.49674263633520194,-0.4260733053577302,-0.45865473423082925,0.2119527606781794,0.08244842613182288,0.28034472580614317,0.42607330535773025,-0.04675506535676875
1.0,0.4721545682355857,-1.312784923481051,-0.7515015680293455,-0.49674263633520194,-0.4260733053577302,-0.2729963623445554,1.1235996813211333,0.4187086738851397,0.28034472580614317,0.42607330535773025,1.235669584428891
1.0,0.4721545682355857,0.7617394000445604,-0.7515015680293455,-0.49674263633520194,-0.4260733053577302,-0.4783706675284866,0.7794322249327763,-0.30554416742969653,0.28034472580614317,0.42607330535773025,1.235669584428891
1.0,0.4721545682355857,0.7617394000445604,-0.7515015680293455,-0.49674263633520194,-0.4260733053577302,-0.2416151685124507,0.2527189268960875,-0.12448095710098747,0.28034472580614317,0.42607330535773025,-0.04675506535676875
1.0,0.4721545682355857,0.7617394000445604,-0.7515015680293455,-0.49674263633520194,-0.4260733053577302,-0.47853496697263376,0.2967319559101122,0.21177929065232934,0.28034472580614317,0.42607330535773025,-0.04675506535676875
1.0,0.4721545682355857,0.7617394000445604,-0.7515015680293455,-0.49674263633520194,-0.4260733053577302,-0.7207123476455255,0.4103721537741923,-0.40900885904610174,0.28034472580614317,0.42607330535773025,-1.3291797151424285
1.0,-2.1179504917996277,-1.312784923481051,2.2235149487053834,-0.49674263633520194,-0.4260733053577302,-0.3825840915907011,-0.5900223499626146,1.4404225035971407,0.28034472580614317,0.42607330535773025,-1.3291797151424285
1.0,0.4721545682355857,0.7617394000445604,-0.7515015680293455,-0.49674263633520194,-0.4260733053577302,-0.4315453259465503,0.13727491636749817,-0.434875031950203,0.28034472580614317,0.42607330535773025,-1.3291797151424285
1.0,-2.1179504917996277,0.7617394000445604,-0.7515015680293455,-0.49674263633520194,-0.4260733053577302,-0.2866332162087684,-0.06366981445882765,0.004849907419518993,0.28034472580614317,0.42607330535773025,-0.04675506535676875
1.0,0.4721545682355857,0.7617394000445604,-0.7515015680293455,-0.49674263633520194,-0.4260733053577302,0.8907366005496725,-0.5900223499626146,1.1688276881040773,0.28034472580614317,0.42607330535773025,-0.04675506535676875
1.0,0.4721545682355857,0.7617394000445604,-0.7515015680293455,-0.49674263633520194,-0.4260733053577302,-0.38389848714387825,0.28157992952823485,-0.05981552484073424,0.28034472580614317,0.42607330535773025,-1.3291797151424285
1.0,0.4721545682355857,-1.312784923481051,-0.7515015680293455,-0.49674263633520194,-0.4260733053577302,-0.4069004093244786,-0.5900223499626146,-0.5900720693748107,0.28034472580614317,0.42607330535773025,-0.04675506535676875
1.0,0.4721545682355857,0.7617394000445604,1.2318427764604738,-0.49674263633520194,-0.4260733053577302,-0.037226659993402335,-0.5900223499626146,0.1471138583920761,0.28034472580614317,0.42607330535773025,-0.04675506535676875
1.0,0.4721545682355857,-1.312784923481051,-0.7515015680293455,-0.49674263633520194,-0.4260733053577302,-0.48182095585557666,-0.5900223499626146,-1.094462441004786,0.28034472580614317,0.42607330535773025,1.235669584428891
1.0,0.4721545682355857,0.7617394000445604,1.2318427764604738,-0.49674263633520194,2.3470139701908863,0.4167327041851593,1.9952019608119826,4.3503669553085365,0.28034472580614317,0.42607330535773025,-1.3291797151424285
1.0,0.4721545682355857,0.7617394000445604,0.24017060421556405,-0.49674263633520194,-0.4260733053577302,-0.2729963623445554,-0.5900223499626146,-0.3572765132378991,0.28034472580614317,0.42607330535773025,-0.04675506535676875
1.0,0.4721545682355857,0.7617394000445604,0.24017060421556405,-0.49674263633520194,2.3470139701908863,-0.7248198337492041,0.5002020244667509,-0.434875031950203,0.28034472580614317,0.42607330535773025,1.235669584428891
1.0,0.4721545682355857,0.7617394000445604,-0.7515015680293455,-0.49674263633520194,-0.4260733053577302,-0.31456412171378306,0.11851526465660239,-0.3572765132378991,0.28034472580614317,0.42607330535773025,-1.3291797151424285
1.0,-2.1179504917996277,0.7617394000445604,-0.7515015680293455,-0.49674263633520194,-0.4260733053577302,-0.13613492536998362,-0.5900223499626146,-0.40900885904610174,0.28034472580614317,0.42607330535773025,-1.3291797151424285
1.0,0.4721545682355857,0.7617394000445604,0.24017060421556405,-0.49674263633520194,-0.4260733053577302,-0.43121672705825603,0.10155942561021583,0.030716080323620287,0.28034472580614317,-2.3470139701908863,-1.3291797151424285
1.0,0.4721545682355857,0.7617394000445604,0.24017060421556405,-0.49674263633520194,-0.4260733053577302,1.2206498843971396,3.366821110904785,2.6561326300899015,0.28034472580614317,0.42607330535773025,-0.04675506535676875
1.0,0.4721545682355857,0.7617394000445604,1.2318427764604738,-0.49674263633520194,2.3470139701908863,-0.6262401672609171,6.625228308074219,1.2334931203643305,0.28034472580614317,0.42607330535773025,1.235669584428891
1.0,-2.1179504917996277,-1.312784923481051,-0.7515015680293455,-0.49674263633520194,-0.4260733053577302,-0.4984151997144383,-0.5900223499626146,-1.7411167636073184,0.28034472580614317,0.42607330535773025,1.235669584428891
1.0,-2.1179504917996277,-1.312784923481051,-0.7515015680293455,-0.49674263633520194,-0.4260733053577302,-0.2572236157064295,-0.5900223499626146,-0.42194194549815234,0.28034472580614317,0.42607330535773025,-0.04675506535676875
1.0,0.4721545682355857,0.7617394000445604,-0.7515015680293455,-0.49674263633520194,-0.4260733053577302,-0.5058086747010598,0.28194069206113664,-0.09861478419688618,0.28034472580614317,0.42607330535773025,1.235669584428891
1.0,-2.1179504917996277,-1.312784923481051,-0.7515015680293455,-0.49674263633520194,-0.4260733053577302,-0.3124282289398702,-0.5900223499626146,-0.874599971319925,0.28034472580614317,-2.3470139701908863,1.235669584428891
1.0,0.4721545682355857,-1.312784923481051,1.2318427764604738,-0.49674263633520194,-0.4260733053577302,-0.08027311435995432,-0.5900223499626146,0.28937780936463325,0.28034472580614317,-2.3470139701908863,-0.04675506535676875
1.0,0.4721545682355857,0.7617394000445604,1.2318427764604738,-0.49674263633520194,-0.4260733053577302,-0.13071304371312784,-0.5900223499626146,-0.12448095710098747,0.28034472580614317,0.42607330535773025,1.235669584428891
1.0,0.4721545682355857,-1.312784923481051,-0.7515015680293455,2.013114894621608,2.3470139701908863,0.06381749815709183,-0.5900223499626146,-0.15034713000508876,0.28034472580614317,0.42607330535773025,-0.04675506535676875
1.0,0.4721545682355857,-1.312784923481051,-0.7515015680293455,-0.49674263633520194,-0.4260733053577302,-0.11970498095526912,0.10083790054441215,0.5351064519535955,0.28034472580614317,0.42607330535773025,-0.04675506535676875
1.0,0.4721545682355857,0.7617394000445604,1.2318427764604738,-0.49674263633520194,-0.4260733053577302,-0.24835144572248363,-0.5900223499626146,-0.693536760991216,0.28034472580614317,0.42607330535773025,-0.04675506535676875
1.0,-2.1179504917996277,-1.312784923481051,0.24017060421556405,-0.49674263633520194,-0.4260733053577302,-0.11313300318938332,-0.5900223499626146,-0.8099345390596717,0.28034472580614317,0.42607330535773025,-0.04675506535676875
1.0,-2.1179504917996277,-1.312784923481051,-0.7515015680293455,2.013114894621608,2.3470139701908863,2.09538012503654,-0.5900223499626146,-0.2408787351694433,0.28034472580614317,0.42607330535773025,1.235669584428891
1.0,-2.1179504917996277,0.7617394000445604,-0.7515015680293455,-0.49674263633520194,-0.4260733053577302,-0.3689472377264881,-0.5900223499626146,-1.391923429401951,0.28034472580614317,0.42607330535773025,-0.04675506535676875
1.0,-2.1179504917996277,-1.312784923481051,0.24017060421556405,-0.49674263633520194,2.3470139701908863,0.5277991284286293,-0.5900223499626146,0.08244842613182288,0.28034472580614317,0.42607330535773025,-0.04675506535676875
1.0,-2.1179504917996277,-1.312784923481051,-0.7515015680293455,-0.49674263633520194,-0.4260733053577302,-0.06762205716062415,0.32667524614096505,0.09538151258387352,2.065624571735811,0.42607330535773025,-1.3291797151424285
1.0,0.4721545682355857,-1.312784923481051,-0.7515015680293455,-0.49674263633520194,2.3470139701908863,-0.04034834943219809,-0.5900223499626146,-0.20207947581329136,0.28034472580614317,0.42607330535773025,-0.04675506535676875
1.0,-2.1179504917996277,-1.312784923481051,-0.7515015680293455,-0.49674263633520194,-0.4260733053577302,-0.35728197719204075,-0.5900223499626146,-1.4695219481142547,0.28034472580614317,0.42607330535773025,1.235669584428891
1.0,0.4721545682355857,-1.312784923481051,-0.7515015680293455,-0.49674263633520194,-0.4260733053577302,0.08698371978183927,0.9367246892779792,1.9706790481312173,0.28034472580614317,0.42607330535773025,-0.04675506535676875
1.0,-2.1179504917996277,0.7617394000445604,0.24017060421556405,-0.49674263633520194,2.3470139701908863,2.3120910918666238,-0.5900223499626146,5.902337329554614,0.28034472580614317,0.42607330535773025,-0.04675506535676875
1.0,0.4721545682355857,0.7617394000445604,-0.7515015680293455,-0.49674263633520194,-0.4260733053577302,-0.49480061194320113,0.19175005883567625,-0.37020959968994976,0.28034472580614317,0.42607330535773025,-0.04675506535676875
1.0,0.4721545682355857,0.7617394000445604,1.2318427764604738,-0.49674263633520194,-0.4260733053577302,0.06053150927414893,-0.5900223499626146,0.6256380571179501,0.28034472580614317,0.42607330535773025,1.235669584428891
1.0,0.4721545682355857,0.7617394000445604,-0.7515015680293455,-0.49674263633520194,-0.4260733053577302,0.08402632978719067,0.15098389261776815,0.8713666997069124,0.28034472580614317,0.42607330535773025,-1.3291797151424285
1.0,0.4721545682355857,0.7617394000445604,2.2235149487053834,-0.49674263633520194,-0.4260733053577302,0.6723826392781169,-0.5900223499626146,1.6990842326381537,0.28034472580614317,0.42607330535773025,-1.3291797151424285
1.0,0.4721545682355857,0.7617394000445604,1.2318427764604738,-0.49674263633520194,-0.4260733053577302,-0.34035913444488486,0.026881581299534607,0.08244842613182288,0.28034472580614317,-2.3470139701908863,-1.3291797151424285
1.0,0.4721545682355857,0.7617394000445604,-0.7515015680293455,-0.49674263633520194,-0.4260733053577302,-0.4578332370100935,1.6647434806738959,0.5609726248576968,0.28034472580614317,0.42607330535773025,-1.3291797151424285
1.0,0.4721545682355857,-1.312784923481051,-0.7515015680293455,2.013114894621608,-0.4260733053577302,0.10407086197314236,-0.5900223499626146,-0.37020959968994976,0.28034472580614317,-2.3470139701908863,-1.3291797151424285
1.0,0.4721545682355857,-1.312784923481051,-0.7515015680293455,2.013114894621608,-0.4260733053577302,-0.23602898741144776,0.3230676208119466,-1.1461947868129887,0.28034472580614317,0.42607330535773025,-1.3291797151424285
1.0,0.4721545682355857,0.7617394000445604,-0.7515015680293455,-0.49674263633520194,-0.4260733053577302,-0.538832862974636,-0.016049160115784552,-0.615938242278912,0.28034472580614317,0.42607330535773025,-0.04675506535676875
1.0,0.4721545682355857,0.7617394000445604,0.24017060421556405,-0.49674263633520194,-0.4260733053577302,-0.43729580649170036,0.07450223564257771,-0.37020959968994976,0.28034472580614317,0.42607330535773025,-0.04675506535676875
1.0,0.4721545682355857,-1.312784923481051,-0.7515015680293455,-0.49674263633520194,2.3470139701908863,0.10489235919387808,0.9731617051010653,-0.30554416742969653,-2.3975750430883584,0.42607330535773025,1.235669584428891
1.0,-2.1179504917996277,-1.312784923481051,-0.7515015680293455,-0.49674263633520194,-0.4260733053577302,-0.6426701116756316,0.05935020926070036,-0.5254066371145575,0.28034472580614317,-2.3470139701908863,-0.04675506535676875
1.0,0.4721545682355857,-1.312784923481051,0.24017060421556405,-0.49674263633520194,-0.4260733053577302,-0.16883051475526548,0.05682487153038747,-0.34434342678584845,0.28034472580614317,0.42607330535773025,1.235669584428891
1.0,0.4721545682355857,0.7617394000445604,1.2318427764604738,-0.49674263633520194,-0.4260733053577302,-0.06072148050644407,0.16144600607192156,0.5351064519535955,0.28034472580614317,0.42607330535773025,-1.3291797151424285
1.0,0.4721545682355857,0.7617394000445604,0.24017060421556405,-0.49674263633520194,-0.4260733053577302,0.8770997466854595,-0.5900223499626146,2.177608431364028,0.28034472580614317,0.42607330535773025,1.235669584428891
1.0,0.4721545682355857,-1.312784923481051,-0.7515015680293455,-0.49674263633520194,-0.4260733053577302,0.14317412968016285,1.0031049953319182,0.8455005268028111,0.28034472580614317,-2.3470139701908863,-1.3291797151424285
1.0,0.4721545682355857,0.7617394000445604,-0.7515015680293455,-0.49674263633520194,2.3470139701908863,-0.39622094545491415,-0.5900223499626146,-1.0039308358404315,0.28034472580614317,0.42607330535773025,1.235669584428891
1.0,0.4721545682355857,0.7617394000445604,0.24017060421556405,2.013114894621608,-0.4260733053577302,-0.5212528224508914,0.32054228308163374,-0.20207947581329136,0.28034472580614317,0.42607330535773025,1.235669584428891
1.0,0.4721545682355857,0.7617394000445604,1.2318427764604738,-0.49674263633520194,2.3470139701908863,0.09667738698652083,-0.5900223499626146,0.7937681809946084,-1.5049351201235246,0.42607330535773025,-0.04675506535676875
1.0,0.4721545682355857,0.7617394000445604,-0.7515015680293455,2.013114894621608,2.3470139701908863,-0.4604620281164478,0.6542476260158373,0.2764447229125826,-2.3975750430883584,-2.3470139701908863,-1.3291797151424285
1.0,0.4721545682355857,0.7617394000445604,1.2318427764604738,2.013114894621608,-0.4260733053577302,-0.1846032613933914,0.5871457948960948,-0.13741404355303813,-2.3975750430883584,0.42607330535773025,1.235669584428891
1.0,-2.1179504917996277,-1.312784923481051,0.24017060421556405,-0.49674263633520194,-0.4260733053577302,-0.3171929128201374,-0.5900223499626146,0.1471138583920761,-4.53991085820396,0.42607330535773025,-0.04675506535676875
1.0,0.4721545682355857,0.7617394000445604,-0.7515015680293455,-0.49674263633520194,-0.4260733053577302,0.06726778648418187,-0.5900223499626146,0.004849907419518993,0.28034472580614317,0.42607330535773025,1.235669584428891
1.0,0.4721545682355857,0.7617394000445604,2.2235149487053834,2.013114894621608,-0.4260733053577302,-0.4542186492388563,-0.017492210247391917,0.37990941452898774,0.28034472580614317,0.42607330535773025,-1.3291797151424285
1.0,0.4721545682355857,0.7617394000445604,0.24017060421556405,-0.49674263633520194,2.3470139701908863,-0.32228619558869886,0.1600029559403142,0.23764546355643063,0.28034472580614317,0.42607330535773025,-0.04675506535676875
1.0,-2.1179504917996277,-1.312784923481051,-0.7515015680293455,-0.49674263633520194,-0.4260733053577302,-0.20464779357934307,-0.5900223499626146,-1.2884587377855456,0.28034472580614317,0.42607330535773025,-0.04675506535676875
1.0,0.4721545682355857,0.7617394000445604,-0.7515015680293455,-0.49674263633520194,-0.4260733053577302,-0.4906931258395225,0.2541619770276949,-0.008083179032531654,0.28034472580614317,0.42607330535773025,-0.04675506535676875
1.0,0.4721545682355857,0.7617394000445604,1.2318427764604738,-0.49674263633520194,-0.4260733053577302,0.18539908682597914,-0.5900223499626146,0.7937681809946084,0.28034472580614317,0.42607330535773025,-0.04675506535676875
1.0,0.4721545682355857,-1.312784923481051,-0.7515015680293455,2.013114894621608,-0.4260733053577302,-0.3633610566254851,0.22313639919813646,-0.22794564871739265,-2.3975750430883584,-2.3470139701908863,1.235669584428891
1.0,0.4721545682355857,0.7617394000445604,-0.7515015680293455,-0.49674263633520194,-0.4260733053577302,0.40901063031024343,0.07125537284646113,0.4704410196933423,0.28034472580614317,0.42607330535773025,-1.3291797151424285
1.0,-2.1179504917996277,-1.312784923481051,-0.7515015680293455,-0.49674263633520194,-0.4260733053577302,-0.4984151997144383,-0.5900223499626146,-1.2625925648814444,0.28034472580614317,0.42607330535773025,-1.3291797151424285
1.0,0.4721545682355857,-1.312784923481051,-0.7515015680293455,-0.49674263633520194,-0.4260733053577302,-0.23192150130776915,0.31188398229198955,-0.0468824383886836,0.28034472580614317,0.42607330535773025,-1.3291797151424285
1.0,0.4721545682355857,-1.312784923481051,-0.7515015680293455,-0.49674263633520194,-0.4260733053577302,-0.07583702936798141,-0.5900223499626146,-0.2408787351694433,0.28034472580614317,0.42607330535773025,1.235669584428891
1.0,-2.1179504917996277,-1.312784923481051,-0.7515015680293455,-0.49674263633520194,-0.4260733053577302,-0.14204970535928083,-0.5900223499626146,-0.37020959968994976,0.28034472580614317,0.42607330535773025,-0.04675506535676875
1.0,-2.1179504917996277,0.7617394000445604,-0.7515015680293455,-0.49674263633520194,-0.4260733053577302,-0.36878293828234093,0.2335985126522899,0.13418077194002545,0.28034472580614317,0.42607330535773025,-0.04675506535676875
1.0,0.4721545682355857,0.7617394000445604,-0.7515015680293455,2.013114894621608,-0.4260733053577302,-0.46194072311377216,0.02327395597051619,-0.47367429130635497,0.28034472580614317,0.42607330535773025,-1.3291797151424285
1.0,-2.1179504917996277,0.7617394000445604,-0.7515015680293455,-0.49674263633520194,2.3470139701908863,0.014527664912948336,-0.5900223499626146,-0.4995404642104562,0.28034472580614317,-2.3470139701908863,-1.3291797151424285
1.0,0.4721545682355857,0.7617394000445604,0.24017060421556405,-0.49674263633520194,2.3470139701908863,0.3902804936774689,-0.5900223499626146,1.2464262068163812,0.28034472580614317,0.42607330535773025,1.235669584428891
1.0,0.4721545682355857,0.7617394000445604,-0.7515015680293455,-0.49674263633520194,-0.4260733053577302,-0.35580328219471646,-0.078821840840705,-0.07274861129278488,0.28034472580614317,0.42607330535773025,-0.04675506535676875
1.0,0.4721545682355857,0.7617394000445604,0.24017060421556405,-0.49674263633520194,-0.4260733053577302,-0.33050116779605615,0.31188398229198955,0.37990941452898774,0.28034472580614317,0.42607330535773025,-0.04675506535676875
1.0,0.4721545682355857,0.7617394000445604,-0.7515015680293455,2.013114894621608,2.3470139701908863,-0.17540249252115128,-0.3245011257468592,-0.7323360203473679,0.28034472580614317,0.42607330535773025,-0.04675506535676875
1.0,-2.1179504917996277,-1.312784923481051,-0.7515015680293455,-0.49674263633520194,-0.4260733053577302,-0.366647045508428,-0.5900223499626146,-0.9392654035801783,0.28034472580614317,-2.3470139701908863,1.235669584428891
1.0,0.4721545682355857,0.7617394000445604,1.2318427764604738,-0.49674263633520194,2.3470139701908863,-0.4412389931512319,-0.5900223499626146,-0.48660737775840557,0.28034472580614317,-2.3470139701908863,-0.04675506535676875
1.0,0.4721545682355857,0.7617394000445604,2.2235149487053834,-0.49674263633520194,-0.4260733053577302,12.419135698022394,-0.5900223499626146,2.798396581062459,0.28034472580614317,-2.3470139701908863,-1.3291797151424285
1.0,-2.1179504917996277,-1.312784923481051,-0.7515015680293455,-0.49674263633520194,-0.4260733053577302,-0.49480061194320113,0.08207824883351639,-0.5124735506625069,0.28034472580614317,-2.3470139701908863,1.235669584428891
1.0,0.4721545682355857,0.7617394000445604,2.2235149487053834,2.013114894621608,2.3470139701908863,0.27740677554838034,-0.5900223499626146,-0.2408787351694433,-4.182854889018026,0.42607330535773025,1.235669584428891
1.0,0.4721545682355857,-1.312784923481051,-0.7515015680293455,-0.49674263633520194,-0.4260733053577302,0.09667738698652083,-0.5900223499626146,-0.0468824383886836,0.28034472580614317,0.42607330535773025,-1.3291797151424285
1.0,-2.1179504917996277,-1.312784923481051,-0.7515015680293455,-0.49674263633520194,-0.4260733053577302,-0.20464779357934307,-0.5900223499626146,-0.3572765132378991,0.28034472580614317,-2.3470139701908863,-0.04675506535676875
1.0,0.4721545682355857,-1.312784923481051,-0.7515015680293455,-0.49674263633520194,-0.4260733053577302,-0.40098562933518134,0.41686587936642544,0.004849907419518993,0.28034472580614317,0.42607330535773025,-0.04675506535676875
1.0,0.4721545682355857,0.7617394000445604,-0.7515015680293455,2.013114894621608,-0.4260733053577302,-0.3295153711311733,1.00346575786482,-0.2667449080735446,0.28034472580614317,0.42607330535773025,-0.04675506535676875
1.0,0.4721545682355857,0.7617394000445604,2.2235149487053834,-0.49674263633520194,-0.4260733053577302,-0.21450576022817178,-0.5900223499626146,-1.3401910835937483,-2.3975750430883584,0.42607330535773025,-1.3291797151424285
1.0,0.4721545682355857,-1.312784923481051,-0.7515015680293455,-0.49674263633520194,-0.4260733053577302,-0.4019714260000642,1.4666848501107848,0.1471138583920761,-4.182854889018026,0.42607330535773025,1.235669584428891
1.0,0.4721545682355857,0.7617394000445604,2.2235149487053834,2.013114894621608,-0.4260733053577302,-0.2565664179298409,-0.23539278012010428,-0.5642058964707095,0.28034472580614317,0.42607330535773025,-0.04675506535676875
1.0,0.4721545682355857,-1.312784923481051,-0.7515015680293455,-0.49674263633520194,-0.4260733053577302,-0.31407122338134164,-0.5900223499626146,-0.8099345390596717,-0.6122951971586907,0.42607330535773025,-0.04675506535676875
1.0,0.4721545682355857,0.7617394000445604,2.2235149487053834,-0.49674263633520194,-0.4260733053577302,-0.3914562615746469,-0.5900223499626146,-0.5771389829227601,0.28034472580614317,0.42607330535773025,1.235669584428891
1.0,0.4721545682355857,-1.312784923481051,-0.7515015680293455,-0.49674263633520194,-0.4260733053577302,-0.28778331231779847,1.2368791166523116,0.5609726248576968,0.28034472580614317,0.42607330535773025,-0.04675506535676875
1.0,-2.1179504917996277,0.7617394000445604,0.24017060421556405,-0.49674263633520194,-0.4260733053577302,-0.12249807150577058,-0.5900223499626146,-0.11154787064893683,0.28034472580614317,0.42607330535773025,1.235669584428891
1.0,0.4721545682355857,0.7617394000445604,2.2235149487053834,-0.49674263633520194,-0.4260733053577302,-0.17573109140944557,-0.5218382312441666,-0.25381182162149396,0.28034472580614317,0.42607330535773025,-0.04675506535676875
1.0,0.4721545682355857,0.7617394000445604,1.2318427764604738,2.013114894621608,-0.4260733053577302,-0.1947898269305144,-0.21482931574469932,-0.434875031950203,0.28034472580614317,0.42607330535773025,1.235669584428891
1.0,-2.1179504917996277,-1.312784923481051,-0.7515015680293455,2.013114894621608,-0.4260733053577302,-0.5665994690355035,-0.5900223499626146,-1.17206095971709,0.28034472580614317,0.42607330535773025,-0.04675506535676875
1.0,-2.1179504917996277,-1.312784923481051,-0.7515015680293455,-0.49674263633520194,-0.4260733053577302,-0.35613188108301075,-0.5900223499626146,-0.8228676255117224,0.28034472580614317,0.42607330535773025,1.235669584428891
1.0,0.4721545682355857,0.7617394000445604,0.24017060421556405,-0.49674263633520194,-0.4260733053577302,-0.25245893182616225,-0.5900223499626146,-0.9909977493883808,0.28034472580614317,0.42607330535773025,1.235669584428891
1.0,0.4721545682355857,0.7617394000445604,2.2235149487053834,-0.49674263633520194,-0.4260733053577302,-0.33050116779605615,0.31188398229198955,-0.2667449080735446,0.28034472580614317,-2.3470139701908863,-1.3291797151424285
1.0,0.4721545682355857,0.7617394000445604,1.2318427764604738,-0.49674263633520194,-0.4260733053577302,0.7050782286633988,-0.5900223499626146,-0.40900885904610174,0.28034472580614317,0.42607330535773025,1.235669584428891
1.0,0.4721545682355857,0.7617394000445604,-0.7515015680293455,-0.49674263633520194,-0.4260733053577302,-0.2981341772990686,0.18814243350665782,-0.3184772538817472,0.28034472580614317,-2.3470139701908863,-1.3291797151424285
1.0,0.4721545682355857,-1.312784923481051,-0.7515015680293455,-0.49674263633520194,-0.4260733053577302,-0.3848842838087611,-0.5900223499626146,-0.9392654035801783,2.065624571735811,0.42607330535773025,1.235669584428891
1.0,0.4721545682355857,-1.312784923481051,0.24017060421556405,2.013114894621608,-0.4260733053577302,-0.4489610670261477,-0.1203095321244168,-0.6418044151830133,0.28034472580614317,0.42607330535773025,-0.04675506535676875
1.0,-2.1179504917996277,0.7617394000445604,-0.7515015680293455,2.013114894621608,2.3470139701908863,0.2843073522025604,-0.5900223499626146,-0.07274861129278488,0.28034472580614317,0.42607330535773025,-1.3291797151424285
1.0,-2.1179504917996277,0.7617394000445604,-0.7515015680293455,-0.49674263633520194,-0.4260733053577302,-0.17720978640676988,0.29420661817979926,-0.434875031950203,0.28034472580614317,0.42607330535773025,1.235669584428891
1.0,0.4721545682355857,-1.312784923481051,-0.7515015680293455,2.013114894621608,-0.4260733053577302,-0.24802284683418935,0.011008029851853575,-0.44780811840225365,0.28034472580614317,0.42607330535773025,-1.3291797151424285
1.0,0.4721545682355857,0.7617394000445604,-0.7515015680293455,2.013114894621608,-0.4260733053577302,0.10209926864337661,-0.5900223499626146,0.21177929065232934,0.28034472580614317,0.42607330535773025,1.235669584428891
1.0,0.4721545682355857,-1.312784923481051,-0.7515015680293455,-0.49674263633520194,-0.4260733053577302,-0.5215814213391857,-0.5900223499626146,-1.0427300951965834,2.065624571735811,-2.3470139701908863,-0.04675506535676875
1.0,0.4721545682355857,-1.312784923481051,-0.7515015680293455,-0.49674263633520194,-0.4260733053577302,-0.20054030747566445,-0.5900223499626146,-0.30554416742969653,0.28034472580614317,0.42607330535773025,-1.3291797151424285
1.0,0.4721545682355857,0.7617394000445604,-0.7515015680293455,-0.49674263633520194,-0.4260733053577302,0.48015228962595724,-0.5900223499626146,0.21177929065232934,0.28034472580614317,0.42607330535773025,-0.04675506535676875
1.0,0.4721545682355857,-1.312784923481051,-0.7515015680293455,-0.49674263633520194,-0.4260733053577302,-0.08487349879607438,-0.5900223499626146,-0.5383397235666082,0.28034472580614317,0.42607330535773025,-0.04675506535676875
1.0,0.4721545682355857,0.7617394000445604,0.24017060421556405,-0.49674263633520194,2.3470139701908863,1.8492595577041164,0.2216933490665291,-0.7452691067994185,0.28034472580614317,0.42607330535773025,-0.04675506535676875
1.0,0.4721545682355857,0.7617394000445604,0.24017060421556405,-0.49674263633520194,-0.4260733053577302,1.5068595161014662,-0.5900223499626146,0.5351064519535955,-2.3975750430883584,0.42607330535773025,-1.3291797151424285
1.0,0.4721545682355857,0.7617394000445604,-0.7515015680293455,-0.49674263633520194,-0.4260733053577302,-0.5117234546903571,-0.040941774886011625,-0.5124735506625069,0.28034472580614317,0.42607330535773025,1.235669584428891
1.0,0.4721545682355857,0.7617394000445604,-0.7515015680293455,-0.49674263633520194,-0.4260733053577302,-0.5900942895485453,0.030128444095651182,-0.5642058964707095,0.28034472580614317,0.42607330535773025,1.235669584428891
1.0,0.4721545682355857,-1.312784923481051,-0.7515015680293455,-0.49674263633520194,-0.4260733053577302,-0.4236589526274874,0.07991367363610534,-0.22794564871739265,0.28034472580614317,0.42607330535773025,-1.3291797151424285
1.0,0.4721545682355857,0.7617394000445604,1.2318427764604738,2.013114894621608,2.3470139701908863,0.15960407409487737,-0.22925981706077297,0.5609726248576968,0.28034472580614317,0.42607330535773025,-1.3291797151424285
1.0,0.4721545682355857,0.7617394000445604,0.24017060421556405,-0.49674263633520194,-0.4260733053577302,0.6779688203791198,-0.5900223499626146,0.5609726248576968,0.28034472580614317,0.42607330535773025,1.235669584428891
1.0,-2.1179504917996277,-1.312784923481051,-0.7515015680293455,-0.49674263633520194,2.3470139701908863,-0.13613492536998362,-0.5900223499626146,-0.13741404355303813,0.28034472580614317,-2.3470139701908863,-0.04675506535676875
1.0,0.4721545682355857,0.7617394000445604,-0.7515015680293455,-0.49674263633520194,-0.4260733053577302,-0.42924513372849027,0.22277563666523464,-0.2796779945255952,0.28034472580614317,0.42607330535773025,-0.04675506535676875
1.0,0.4721545682355857,0.7617394000445604,1.2318427764604738,-0.49674263633520194,2.3470139701908863,0.13775224802330707,-0.12103105719022048,-0.4607412048543043,0.28034472580614317,0.42607330535773025,-1.3291797151424285
1.0,0.4721545682355857,0.7617394000445604,-0.7515015680293455,-0.49674263633520194,-0.4260733053577302,-0.40312152210909424,0.4561889954527262,-0.16328021645713942,0.28034472580614317,0.42607330535773025,-0.04675506535676875
1.0,0.4721545682355857,-1.312784923481051,-0.7515015680293455,-0.49674263633520194,-0.4260733053577302,0.0008908110487353017,-0.5900223499626146,0.3152439822687345,0.28034472580614317,0.42607330535773025,1.235669584428891
1.0,0.4721545682355857,0.7617394000445604,-0.7515015680293455,-0.49674263633520194,-0.4260733053577302,0.6032125732921688,-0.5900223499626146,1.0912291693917733,0.28034472580614317,0.42607330535773025,-0.04675506535676875
1.0,0.4721545682355857,0.7617394000445604,0.24017060421556405,-0.49674263633520194,2.3470139701908863,-0.3196574044823446,-0.15349968515138623,-0.17621330290919007,0.28034472580614317,0.42607330535773025,-1.3291797151424285
1.0,0.4721545682355857,0.7617394000445604,-0.7515015680293455,-0.49674263633520194,-0.4260733053577302,-0.25048733849639654,0.3728528503524008,0.23764546355643063,0.28034472580614317,0.42607330535773025,-0.04675506535676875
1.0,0.4721545682355857,0.7617394000445604,1.2318427764604738,-0.49674263633520194,2.3470139701908863,-0.34430232110441633,0.6726465151938312,-0.7194029338953173,0.28034472580614317,0.42607330535773025,1.235669584428891
